time_ms,power_w
35998,218.674
35999,218.674
36000,217.643
36001,217.643
36002,217.643
36003,217.643
36004,217.643
36005,217.643
36006,217.643
36007,217.643
36008,217.643
36009,217.643
36010,217.643
36011,217.643
36012,217.643
36013,217.643
36014,217.643
36015,217.643
36016,217.643
36017,217.643
36018,217.32
36019,217.32
36020,217.32
36021,217.32
36022,217.32
36023,217.32
36024,217.32
36025,217.32
36026,217.32
36027,217.32
36028,217.32
36029,217.32
36030,217.32
36031,217.32
36032,217.32
36033,217.32
36034,217.32
36035,217.32
36036,217.32
36037,217.32
36038,217.32
36039,216.665
36040,216.665
36041,216.665
36042,216.665
36043,216.665
36044,216.665
36045,216.665
36046,216.665
36047,216.665
36048,216.665
36049,216.665
36050,216.665
36051,216.665
36052,216.665
36053,216.665
36054,216.665
36055,216.665
36056,216.665
36057,216.665
36058,217.214
36059,217.214
36060,217.214
36061,217.214
36062,217.214
36063,217.214
36064,217.214
36065,217.214
36066,217.214
36067,217.214
36068,217.214
36069,217.214
36070,217.214
36071,217.214
36072,217.214
36073,217.214
36074,217.214
36075,217.214
36076,217.214
36077,217.214
36078,217.32
36079,217.32
36080,217.32
36081,217.32
36082,217.32
36083,217.32
36084,217.32
36085,217.32
36086,217.32
36087,217.32
36088,217.32
36089,217.32
36090,217.32
36091,217.32
36092,217.32
36093,217.32
36094,217.32
36095,217.32
36096,217.32
36097,217.32
36098,217.32
36099,217.32
36100,216.989
36101,216.989
36102,216.989
36103,216.989
36104,216.989
36105,216.989
36106,216.989
36107,216.989
36108,216.989
36109,216.989
36110,216.989
36111,216.989
36112,216.989
36113,216.989
36114,216.989
36115,216.989
36116,216.989
36117,216.989
36118,215.634
36119,215.634
36120,215.634
36121,215.634
36122,215.634
36123,215.634
36124,215.634
36125,215.634
36126,215.634
36127,215.634
36128,215.634
36129,215.634
36130,215.634
36131,215.634
36132,215.634
36133,215.634
36134,215.634
36135,215.634
36136,215.634
36137,215.634
36138,215.634
36139,216.342
36140,216.342
36141,216.342
36142,216.342
36143,216.342
36144,216.342
36145,216.342
36146,216.342
36147,216.342
36148,216.342
36149,216.342
36150,216.342
36151,216.342
36152,216.342
36153,216.342
36154,216.342
36155,216.342
36156,216.342
36157,216.342
36158,216.665
36159,216.665
36160,216.665
36161,216.665
36162,216.665
36163,216.665
36164,216.665
36165,216.665
36166,216.665
36167,216.665
36168,216.665
36169,216.665
36170,216.665
36171,216.665
36172,216.665
36173,216.665
36174,216.665
36175,216.665
36176,216.665
36177,216.665
36178,214.988
36179,214.988
36180,214.988
36181,214.988
36182,214.988
36183,214.988
36184,214.988
36185,214.988
36186,214.988
36187,214.988
36188,214.988
36189,214.988
36190,214.988
36191,214.988
36192,214.988
36193,214.988
36194,214.988
36195,214.988
36196,214.988
36197,214.988
36198,214.988
36199,214.988
36200,214.988
36201,214.988
36202,214.988
36203,214.988
36204,214.988
36205,214.988
36206,214.988
36207,214.988
36208,214.988
36209,214.988
36210,214.988
36211,214.988
36212,214.988
36213,214.988
36214,214.988
36215,214.988
36216,214.988
36217,214.988
36218,214.988
36219,215.634
36220,215.634
36221,215.634
36222,215.634
36223,215.634
36224,215.634
36225,215.634
36226,215.634
36227,215.634
36228,215.634
36229,215.634
36230,215.634
36231,215.634
36232,215.634
36233,215.634
36234,215.634
36235,215.634
36236,215.634
36237,215.634
36238,215.311
36239,215.311
36240,215.311
36241,215.311
36242,215.311
36243,215.311
36244,215.311
36245,215.311
36246,215.311
36247,215.311
36248,215.311
36249,215.311
36250,215.311
36251,215.311
36252,215.311
36253,215.311
36254,215.311
36255,215.311
36256,215.311
36257,215.311
36258,215.535
36259,215.535
36260,215.535
36261,215.535
36262,215.535
36263,215.535
36264,215.535
36265,215.535
36266,215.535
36267,215.535
36268,215.535
36269,215.535
36270,215.535
36271,215.535
36272,215.535
36273,215.535
36274,215.535
36275,215.535
36276,215.535
36277,215.535
36278,215.535
36279,213.31
36280,213.31
36281,213.31
36282,213.31
36283,213.31
36284,213.31
36285,213.31
36286,213.31
36287,213.31
36288,213.31
36289,213.31
36290,213.31
36291,213.31
36292,213.31
36293,213.31
36294,213.31
36295,213.31
36296,213.31
36297,213.31
36298,213.31
36299,213.31
36300,213.633
36301,213.633
36302,213.633
36303,213.633
36304,213.633
36305,213.633
36306,213.633
36307,213.633
36308,213.633
36309,213.633
36310,213.633
36311,213.633
36312,213.633
36313,213.633
36314,213.633
36315,213.633
36316,213.633
36317,213.633
36318,216.019
36319,216.019
36320,216.019
36321,216.019
36322,216.019
36323,216.019
36324,216.019
36325,216.019
36326,216.019
36327,216.019
36328,216.019
36329,216.019
36330,216.019
36331,216.019
36332,216.019
36333,216.019
36334,216.019
36335,216.019
36336,216.019
36337,216.019
36338,216.019
36339,214.665
36340,214.665
36341,214.665
36342,214.665
36343,214.665
36344,214.665
36345,214.665
36346,214.665
36347,214.665
36348,214.665
36349,214.665
36350,214.665
36351,214.665
36352,214.665
36353,214.665
36354,214.665
36355,214.665
36356,214.665
36357,214.665
36358,211.625
36359,211.625
36360,211.625
36361,211.625
36362,211.625
36363,211.625
36364,211.625
36365,211.625
36366,211.625
36367,211.625
36368,211.625
36369,211.625
36370,211.625
36371,211.625
36372,211.625
36373,211.625
36374,211.625
36375,211.625
36376,211.625
36377,211.625
36378,211.625
36379,211.625
36380,211.625
36381,211.625
36382,211.625
36383,211.625
36384,211.625
36385,211.625
36386,211.625
36387,211.625
36388,211.625
36389,211.625
36390,211.625
36391,211.625
36392,211.625
36393,211.625
36394,211.625
36395,211.625
36396,211.625
36397,211.625
36398,211.625
36399,211.625
36400,211.521
36401,211.521
36402,211.521
36403,211.521
36404,211.521
36405,211.521
36406,211.521
36407,211.521
36408,211.521
36409,211.521
36410,211.521
36411,211.521
36412,211.521
36413,211.521
36414,211.521
36415,211.521
36416,211.521
36417,211.521
36418,211.521
36419,212.656
36420,212.656
36421,212.656
36422,212.656
36423,212.656
36424,212.656
36425,212.656
36426,212.656
36427,212.656
36428,212.656
36429,212.656
36430,212.656
36431,212.656
36432,212.656
36433,212.656
36434,212.656
36435,212.656
36436,212.656
36437,212.656
36438,212.656
36439,211.625
36440,211.625
36441,211.625
36442,211.625
36443,211.625
36444,211.625
36445,211.625
36446,211.625
36447,211.625
36448,211.625
36449,211.625
36450,211.625
36451,211.625
36452,211.625
36453,211.625
36454,211.625
36455,211.625
36456,211.625
36457,211.625
36458,215.311
36459,215.311
36460,215.311
36461,215.311
36462,215.311
36463,215.311
36464,215.311
36465,215.311
36466,215.311
36467,215.311
36468,215.311
36469,215.311
36470,215.311
36471,215.311
36472,215.311
36473,215.311
36474,215.311
36475,215.311
36476,215.311
36477,215.311
36478,218.343
36479,218.343
36480,218.343
36481,218.343
36482,218.343
36483,218.343
36484,218.343
36485,218.343
36486,218.343
36487,218.343
36488,218.343
36489,218.343
36490,218.343
36491,218.343
36492,218.343
36493,218.343
36494,218.343
36495,218.343
36496,218.343
36497,218.343
36498,218.343
36499,218.343
36500,218.02
36501,218.02
36502,218.02
36503,218.02
36504,218.02
36505,218.02
36506,218.02
36507,218.02
36508,218.02
36509,218.02
36510,218.02
36511,218.02
36512,218.02
36513,218.02
36514,218.02
36515,218.02
36516,218.02
36517,218.02
36518,217.869
36519,217.869
36520,217.869
36521,217.869
36522,217.869
36523,217.869
36524,217.869
36525,217.869
36526,217.869
36527,217.869
36528,217.869
36529,217.869
36530,217.869
36531,217.869
36532,217.869
36533,217.869
36534,217.869
36535,217.869
36536,217.869
36537,217.869
36538,217.869
36539,218.02
36540,218.02
36541,218.02
36542,218.02
36543,218.02
36544,218.02
36545,218.02
36546,218.02
36547,218.02
36548,218.02
36549,218.02
36550,218.02
36551,218.02
36552,218.02
36553,218.02
36554,218.02
36555,218.02
36556,218.02
36557,218.02
36558,218.02
36559,216.342
36560,216.342
36561,216.342
36562,216.342
36563,216.342
36564,216.342
36565,216.342
36566,216.342
36567,216.342
36568,216.342
36569,216.342
36570,216.342
36571,216.342
36572,216.342
36573,216.342
36574,216.342
36575,216.342
36576,216.342
36577,216.342
36578,218.02
36579,218.02
36580,218.02
36581,218.02
36582,218.02
36583,218.02
36584,218.02
36585,218.02
36586,218.02
36587,218.02
36588,218.02
36589,218.02
36590,218.02
36591,218.02
36592,218.02
36593,218.02
36594,218.02
36595,218.02
36596,218.02
36597,218.02
36598,218.02
36599,218.02
36600,216.342
36601,216.342
36602,216.342
36603,216.342
36604,216.342
36605,216.342
36606,216.342
36607,216.342
36608,216.342
36609,216.342
36610,216.342
36611,216.342
36612,216.342
36613,216.342
36614,216.342
36615,216.342
36616,216.342
36617,216.342
36618,216.989
36619,216.989
36620,216.989
36621,216.989
36622,216.989
36623,216.989
36624,216.989
36625,216.989
36626,216.989
36627,216.989
36628,216.989
36629,216.989
36630,216.989
36631,216.989
36632,216.989
36633,216.989
36634,216.989
36635,216.989
36636,216.989
36637,216.989
36638,216.989
36639,215.634
36640,215.634
36641,215.634
36642,215.634
36643,215.634
36644,215.634
36645,215.634
36646,215.634
36647,215.634
36648,215.634
36649,215.634
36650,215.634
36651,215.634
36652,215.634
36653,215.634
36654,215.634
36655,215.634
36656,215.634
36657,215.634
36658,215.634
36659,215.634
36660,215.634
36661,215.634
36662,215.634
36663,215.634
36664,215.634
36665,215.634
36666,215.634
36667,215.634
36668,215.634
36669,215.634
36670,215.634
36671,215.634
36672,215.634
36673,215.634
36674,215.634
36675,215.634
36676,215.634
36677,215.634
36678,214.665
36679,214.665
36680,214.665
36681,214.665
36682,214.665
36683,214.665
36684,214.665
36685,214.665
36686,214.665
36687,214.665
36688,214.665
36689,214.665
36690,214.665
36691,214.665
36692,214.665
36693,214.665
36694,214.665
36695,214.665
36696,214.665
36697,214.665
36698,214.665
36699,214.665
36700,213.633
36701,213.633
36702,213.633
36703,213.633
36704,213.633
36705,213.633
36706,213.633
36707,213.633
36708,213.633
36709,213.633
36710,213.633
36711,213.633
36712,213.633
36713,213.633
36714,213.633
36715,213.633
36716,213.633
36717,213.633
36718,213.2
36719,213.2
36720,213.2
36721,213.2
36722,213.2
36723,213.2
36724,213.2
36725,213.2
36726,213.2
36727,213.2
36728,213.2
36729,213.2
36730,213.2
36731,213.2
36732,213.2
36733,213.2
36734,213.2
36735,213.2
36736,213.2
36737,213.2
36738,213.2
36739,211.956
36740,211.956
36741,211.956
36742,211.956
36743,211.956
36744,211.956
36745,211.956
36746,211.956
36747,211.956
36748,211.956
36749,211.956
36750,211.956
36751,211.956
36752,211.956
36753,211.956
36754,211.956
36755,211.956
36756,211.956
36757,211.956
36758,211.956
36759,212.979
36760,212.979
36761,212.979
36762,212.979
36763,212.979
36764,212.979
36765,212.979
36766,212.979
36767,212.979
36768,212.979
36769,212.979
36770,212.979
36771,212.979
36772,212.979
36773,212.979
36774,212.979
36775,212.979
36776,212.979
36777,212.979
36778,210.601
36779,210.601
36780,210.601
36781,210.601
36782,210.601
36783,210.601
36784,210.601
36785,210.601
36786,210.601
36787,210.601
36788,210.601
36789,210.601
36790,210.601
36791,210.601
36792,210.601
36793,210.601
36794,210.601
36795,210.601
36796,210.601
36797,210.601
36798,210.601
36799,210.601
36800,210.601
36801,211.956
36802,211.956
36803,211.956
36804,211.956
36805,211.956
36806,211.956
36807,211.956
36808,211.956
36809,211.956
36810,211.956
36811,211.956
36812,211.956
36813,211.956
36814,211.956
36815,211.956
36816,211.956
36817,211.956
36818,215.634
36819,215.634
36820,215.634
36821,215.634
36822,215.634
36823,215.634
36824,215.634
36825,215.634
36826,215.634
36827,215.634
36828,215.634
36829,215.634
36830,215.634
36831,215.634
36832,215.634
36833,215.634
36834,215.634
36835,215.634
36836,215.634
36837,215.634
36838,215.634
36839,218.57
36840,218.57
36841,218.57
36842,218.57
36843,218.57
36844,218.57
36845,218.57
36846,218.57
36847,218.57
36848,218.57
36849,218.57
36850,218.57
36851,218.57
36852,218.57
36853,218.57
36854,218.57
36855,218.57
36856,218.57
36857,218.57
36858,217.869
36859,217.869
36860,217.869
36861,217.869
36862,217.869
36863,217.869
36864,217.869
36865,217.869
36866,217.869
36867,217.869
36868,217.869
36869,217.869
36870,217.869
36871,217.869
36872,217.869
36873,217.869
36874,217.869
36875,217.869
36876,217.869
36877,217.869
36878,218.02
36879,218.02
36880,218.02
36881,218.02
36882,218.02
36883,218.02
36884,218.02
36885,218.02
36886,218.02
36887,218.02
36888,218.02
36889,218.02
36890,218.02
36891,218.02
36892,218.02
36893,218.02
36894,218.02
36895,218.02
36896,218.02
36897,218.02
36898,218.02
36899,218.02
36900,217.32
36901,217.32
36902,217.32
36903,217.32
36904,217.32
36905,217.32
36906,217.32
36907,217.32
36908,217.32
36909,217.32
36910,217.32
36911,217.32
36912,217.32
36913,217.32
36914,217.32
36915,217.32
36916,217.32
36917,217.32
36918,217.32
36919,217.32
36920,217.32
36921,217.32
36922,217.32
36923,217.32
36924,217.32
36925,217.32
36926,217.32
36927,217.32
36928,217.32
36929,217.32
36930,217.32
36931,217.32
36932,217.32
36933,217.32
36934,217.32
36935,217.32
36936,217.32
36937,217.32
36938,217.32
36939,216.019
36940,216.019
36941,216.019
36942,216.019
36943,216.019
36944,216.019
36945,216.019
36946,216.019
36947,216.019
36948,216.019
36949,216.019
36950,216.019
36951,216.019
36952,216.019
36953,216.019
36954,216.019
36955,216.019
36956,216.019
36957,216.019
36958,217.32
36959,217.32
36960,217.32
36961,217.32
36962,217.32
36963,217.32
36964,217.32
36965,217.32
36966,217.32
36967,217.32
36968,217.32
36969,217.32
36970,217.32
36971,217.32
36972,217.32
36973,217.32
36974,217.32
36975,217.32
36976,217.32
36977,217.32
36978,217.32
36979,216.019
36980,216.019
36981,216.019
36982,216.019
36983,216.019
36984,216.019
36985,216.019
36986,216.019
36987,216.019
36988,216.019
36989,216.019
36990,216.019
36991,216.019
36992,216.019
36993,216.019
36994,216.019
36995,216.019
36996,216.019
36997,216.019
36998,216.019
36999,216.019
37000,216.019
37001,214.988
37002,214.988
37003,214.988
37004,214.988
37005,214.988
37006,214.988
37007,214.988
37008,214.988
37009,214.988
37010,214.988
37011,214.988
37012,214.988
37013,214.988
37014,214.988
37015,214.988
37016,214.988
37017,214.988
37018,214.988
37019,214.988
37020,214.988
37021,214.988
37022,214.988
37023,214.988
37024,214.988
37025,214.988
37026,214.988
37027,214.988
37028,214.988
37029,214.988
37030,214.988
37031,214.988
37032,214.988
37033,214.988
37034,214.988
37035,214.988
37036,214.988
37037,214.988
37038,214.988
37039,213.31
37040,213.31
37041,213.31
37042,213.31
37043,213.31
37044,213.31
37045,213.31
37046,213.31
37047,213.31
37048,213.31
37049,213.31
37050,213.31
37051,213.31
37052,213.31
37053,213.31
37054,213.31
37055,213.31
37056,213.31
37057,213.31
37058,216.019
37059,216.019
37060,216.019
37061,216.019
37062,216.019
37063,216.019
37064,216.019
37065,216.019
37066,216.019
37067,216.019
37068,216.019
37069,216.019
37070,216.019
37071,216.019
37072,216.019
37073,216.019
37074,216.019
37075,216.019
37076,216.019
37077,216.019
37078,212.979
37079,212.979
37080,212.979
37081,212.979
37082,212.979
37083,212.979
37084,212.979
37085,212.979
37086,212.979
37087,212.979
37088,212.979
37089,212.979
37090,212.979
37091,212.979
37092,212.979
37093,212.979
37094,212.979
37095,212.979
37096,212.979
37097,212.979
37098,212.979
37099,212.979
37100,213.31
37101,213.31
37102,213.31
37103,213.31
37104,213.31
37105,213.31
37106,213.31
37107,213.31
37108,213.31
37109,213.31
37110,213.31
37111,213.31
37112,213.31
37113,213.31
37114,213.31
37115,213.31
37116,213.31
37117,213.31
37118,213.31
37119,212.176
37120,212.176
37121,212.176
37122,212.176
37123,212.176
37124,212.176
37125,212.176
37126,212.176
37127,212.176
37128,212.176
37129,212.176
37130,212.176
37131,212.176
37132,212.176
37133,212.176
37134,212.176
37135,212.176
37136,212.176
37137,212.176
37138,212.176
37139,212.176
37140,212.176
37141,212.176
37142,212.176
37143,212.176
37144,212.176
37145,212.176
37146,212.176
37147,212.176
37148,212.176
37149,212.176
37150,212.176
37151,212.176
37152,212.176
37153,212.176
37154,212.176
37155,212.176
37156,212.176
37157,212.176
37158,212.877
37159,212.877
37160,212.877
37161,212.877
37162,212.877
37163,212.877
37164,212.877
37165,212.877
37166,212.877
37167,212.877
37168,212.877
37169,212.877
37170,212.877
37171,212.877
37172,212.877
37173,212.877
37174,212.877
37175,212.877
37176,212.877
37177,212.877
37178,217.643
37179,217.643
37180,217.643
37181,217.643
37182,217.643
37183,217.643
37184,217.643
37185,217.643
37186,217.643
37187,217.643
37188,217.643
37189,217.643
37190,217.643
37191,217.643
37192,217.643
37193,217.643
37194,217.643
37195,217.643
37196,217.643
37197,217.643
37198,217.643
37199,217.643
37200,220.998
37201,220.998
37202,220.998
37203,220.998
37204,220.998
37205,220.998
37206,220.998
37207,220.998
37208,220.998
37209,220.998
37210,220.998
37211,220.998
37212,220.998
37213,220.998
37214,220.998
37215,220.998
37216,220.998
37217,220.998
37218,222.353
37219,222.353
37220,222.353
37221,222.353
37222,222.353
37223,222.353
37224,222.353
37225,222.353
37226,222.353
37227,222.353
37228,222.353
37229,222.353
37230,222.353
37231,222.353
37232,222.353
37233,222.353
37234,222.353
37235,222.353
37236,222.353
37237,222.353
37238,222.353
37239,221.383
37240,221.383
37241,221.383
37242,221.383
37243,221.383
37244,221.383
37245,221.383
37246,221.383
37247,221.383
37248,221.383
37249,221.383
37250,221.383
37251,221.383
37252,221.383
37253,221.383
37254,221.383
37255,221.383
37256,221.383
37257,221.383
37258,221.383
37259,222.03
37260,222.03
37261,222.03
37262,222.03
37263,222.03
37264,222.03
37265,222.03
37266,222.03
37267,222.03
37268,222.03
37269,222.03
37270,222.03
37271,222.03
37272,222.03
37273,222.03
37274,222.03
37275,222.03
37276,222.03
37277,222.03
37278,221.706
37279,221.706
37280,221.706
37281,221.706
37282,221.706
37283,221.706
37284,221.706
37285,221.706
37286,221.706
37287,221.706
37288,221.706
37289,221.706
37290,221.706
37291,221.706
37292,221.706
37293,221.706
37294,221.706
37295,221.706
37296,221.706
37297,221.706
37298,221.706
37299,221.706
37300,220.352
37301,220.352
37302,220.352
37303,220.352
37304,220.352
37305,220.352
37306,220.352
37307,220.352
37308,220.352
37309,220.352
37310,220.352
37311,220.352
37312,220.352
37313,220.352
37314,220.352
37315,220.352
37316,220.352
37317,220.352
37318,220.029
37319,220.029
37320,220.029
37321,220.029
37322,220.029
37323,220.029
37324,220.029
37325,220.029
37326,220.029
37327,220.029
37328,220.029
37329,220.029
37330,220.029
37331,220.029
37332,220.029
37333,220.029
37334,220.029
37335,220.029
37336,220.029
37337,220.029
37338,220.029
37339,221.383
37340,221.383
37341,221.383
37342,221.383
37343,221.383
37344,221.383
37345,221.383
37346,221.383
37347,221.383
37348,221.383
37349,221.383
37350,221.383
37351,221.383
37352,221.383
37353,221.383
37354,221.383
37355,221.383
37356,221.383
37357,221.383
37358,220.352
37359,220.352
37360,220.352
37361,220.352
37362,220.352
37363,220.352
37364,220.352
37365,220.352
37366,220.352
37367,220.352
37368,220.352
37369,220.352
37370,220.352
37371,220.352
37372,220.352
37373,220.352
37374,220.352
37375,220.352
37376,220.352
37377,220.352
37378,220.352
37379,221.706
37380,221.706
37381,221.706
37382,221.706
37383,221.706
37384,221.706
37385,221.706
37386,221.706
37387,221.706
37388,221.706
37389,221.706
37390,221.706
37391,221.706
37392,221.706
37393,221.706
37394,221.706
37395,221.706
37396,221.706
37397,221.706
37398,221.706
37399,221.706
37400,218.343
37401,218.343
37402,218.343
37403,218.343
37404,218.343
37405,218.343
37406,218.343
37407,218.343
37408,218.343
37409,218.343
37410,218.343
37411,218.343
37412,218.343
37413,218.343
37414,218.343
37415,218.343
37416,218.343
37417,218.343
37418,219.321
37419,219.321
37420,219.321
37421,219.321
37422,219.321
37423,219.321
37424,219.321
37425,219.321
37426,219.321
37427,219.321
37428,219.321
37429,219.321
37430,219.321
37431,219.321
37432,219.321
37433,219.321
37434,219.321
37435,219.321
37436,219.321
37437,219.321
37438,219.321
37439,220.352
37440,220.352
37441,220.352
37442,220.352
37443,220.352
37444,220.352
37445,220.352
37446,220.352
37447,220.352
37448,220.352
37449,220.352
37450,220.352
37451,220.352
37452,220.352
37453,220.352
37454,220.352
37455,220.352
37456,220.352
37457,220.352
37458,217.643
37459,217.643
37460,217.643
37461,217.643
37462,217.643
37463,217.643
37464,217.643
37465,217.643
37466,217.643
37467,217.643
37468,217.643
37469,217.643
37470,217.643
37471,217.643
37472,217.643
37473,217.643
37474,217.643
37475,217.643
37476,217.643
37477,217.643
37478,216.342
37479,216.342
37480,216.342
37481,216.342
37482,216.342
37483,216.342
37484,216.342
37485,216.342
37486,216.342
37487,216.342
37488,216.342
37489,216.342
37490,216.342
37491,216.342
37492,216.342
37493,216.342
37494,216.342
37495,216.342
37496,216.342
37497,216.342
37498,216.342
37499,216.342
37500,217.643
37501,217.643
37502,217.643
37503,217.643
37504,217.643
37505,217.643
37506,217.643
37507,217.643
37508,217.643
37509,217.643
37510,217.643
37511,217.643
37512,217.643
37513,217.643
37514,217.643
37515,217.643
37516,217.643
37517,217.643
37518,215.311
37519,215.311
37520,215.311
37521,215.311
37522,215.311
37523,215.311
37524,215.311
37525,215.311
37526,215.311
37527,215.311
37528,215.311
37529,215.311
37530,215.311
37531,215.311
37532,215.311
37533,215.311
37534,215.311
37535,215.311
37536,215.311
37537,215.311
37538,217.32
37539,217.32
37540,217.32
37541,217.32
37542,217.32
37543,217.32
37544,217.32
37545,217.32
37546,217.32
37547,217.32
37548,217.32
37549,217.32
37550,217.32
37551,217.32
37552,217.32
37553,217.32
37554,217.32
37555,217.32
37556,217.32
37557,217.32
37558,212.979
37559,212.979
37560,212.979
37561,212.979
37562,212.979
37563,212.979
37564,212.979
37565,212.979
37566,212.979
37567,212.979
37568,212.979
37569,212.979
37570,212.979
37571,212.979
37572,212.979
37573,212.979
37574,212.979
37575,212.979
37576,212.979
37577,212.979
37578,212.979
37579,216.665
37580,216.665
37581,216.665
37582,216.665
37583,216.665
37584,216.665
37585,216.665
37586,216.665
37587,216.665
37588,216.665
37589,216.665
37590,216.665
37591,216.665
37592,216.665
37593,216.665
37594,216.665
37595,216.665
37596,216.665
37597,216.665
37598,216.665
37599,216.665
37600,216.665
37601,221.383
37602,221.383
37603,221.383
37604,221.383
37605,221.383
37606,221.383
37607,221.383
37608,221.383
37609,221.383
37610,221.383
37611,221.383
37612,221.383
37613,221.383
37614,221.383
37615,221.383
37616,221.383
37617,221.383
37618,222.03
37619,222.03
37620,222.03
37621,222.03
37622,222.03
37623,222.03
37624,222.03
37625,222.03
37626,222.03
37627,222.03
37628,222.03
37629,222.03
37630,222.03
37631,222.03
37632,222.03
37633,222.03
37634,222.03
37635,222.03
37636,222.03
37637,222.03
37638,222.03
37639,222.684
37640,222.684
37641,222.684
37642,222.684
37643,222.684
37644,222.684
37645,222.684
37646,222.684
37647,222.684
37648,222.684
37649,222.684
37650,222.684
37651,222.684
37652,222.684
37653,222.684
37654,222.684
37655,222.684
37656,222.684
37657,222.684
37658,222.684
37659,222.684
37660,222.684
37661,222.684
37662,222.684
37663,222.684
37664,222.684
37665,222.684
37666,222.684
37667,222.684
37668,222.684
37669,222.684
37670,222.684
37671,222.684
37672,222.684
37673,222.684
37674,222.684
37675,222.684
37676,222.684
37677,222.684
37678,222.684
37679,220.998
37680,220.998
37681,220.998
37682,220.998
37683,220.998
37684,220.998
37685,220.998
37686,220.998
37687,220.998
37688,220.998
37689,220.998
37690,220.998
37691,220.998
37692,220.998
37693,220.998
37694,220.998
37695,220.998
37696,220.998
37697,220.998
37698,220.998
37699,220.998
37700,222.03
37701,222.03
37702,222.03
37703,222.03
37704,222.03
37705,222.03
37706,222.03
37707,222.03
37708,222.03
37709,222.03
37710,222.03
37711,222.03
37712,222.03
37713,222.03
37714,222.03
37715,222.03
37716,222.03
37717,222.03
37718,222.26
37719,222.26
37720,222.26
37721,222.26
37722,222.26
37723,222.26
37724,222.26
37725,222.26
37726,222.26
37727,222.26
37728,222.26
37729,222.26
37730,222.26
37731,222.26
37732,222.26
37733,222.26
37734,222.26
37735,222.26
37736,222.26
37737,222.26
37738,222.26
37739,220.352
37740,220.352
37741,220.352
37742,220.352
37743,220.352
37744,220.352
37745,220.352
37746,220.352
37747,220.352
37748,220.352
37749,220.352
37750,220.352
37751,220.352
37752,220.352
37753,220.352
37754,220.352
37755,220.352
37756,220.352
37757,220.352
37758,220.352
37759,220.352
37760,220.352
37761,220.352
37762,220.352
37763,220.352
37764,220.352
37765,220.352
37766,220.352
37767,220.352
37768,220.352
37769,220.352
37770,220.352
37771,220.352
37772,220.352
37773,220.352
37774,220.352
37775,220.352
37776,220.352
37777,220.352
37778,220.029
37779,220.029
37780,220.029
37781,220.029
37782,220.029
37783,220.029
37784,220.029
37785,220.029
37786,220.029
37787,220.029
37788,220.029
37789,220.029
37790,220.029
37791,220.029
37792,220.029
37793,220.029
37794,220.029
37795,220.029
37796,220.029
37797,220.029
37798,220.029
37799,220.029
37800,218.901
37801,218.901
37802,218.901
37803,218.901
37804,218.901
37805,218.901
37806,218.901
37807,218.901
37808,218.901
37809,218.901
37810,218.901
37811,218.901
37812,218.901
37813,218.901
37814,218.901
37815,218.901
37816,218.901
37817,218.901
37818,218.901
37819,218.997
37820,218.997
37821,218.997
37822,218.997
37823,218.997
37824,218.997
37825,218.997
37826,218.997
37827,218.997
37828,218.997
37829,218.997
37830,218.997
37831,218.997
37832,218.997
37833,218.997
37834,218.997
37835,218.997
37836,218.997
37837,218.997
37838,218.997
37839,219.698
37840,219.698
37841,219.698
37842,219.698
37843,219.698
37844,219.698
37845,219.698
37846,219.698
37847,219.698
37848,219.698
37849,219.698
37850,219.698
37851,219.698
37852,219.698
37853,219.698
37854,219.698
37855,219.698
37856,219.698
37857,219.698
37858,218.02
37859,218.02
37860,218.02
37861,218.02
37862,218.02
37863,218.02
37864,218.02
37865,218.02
37866,218.02
37867,218.02
37868,218.02
37869,218.02
37870,218.02
37871,218.02
37872,218.02
37873,218.02
37874,218.02
37875,218.02
37876,218.02
37877,218.02
37878,217.643
37879,217.643
37880,217.643
37881,217.643
37882,217.643
37883,217.643
37884,217.643
37885,217.643
37886,217.643
37887,217.643
37888,217.643
37889,217.643
37890,217.643
37891,217.643
37892,217.643
37893,217.643
37894,217.643
37895,217.643
37896,217.643
37897,217.643
37898,217.643
37899,217.643
37900,218.02
37901,218.02
37902,218.02
37903,218.02
37904,218.02
37905,218.02
37906,218.02
37907,218.02
37908,218.02
37909,218.02
37910,218.02
37911,218.02
37912,218.02
37913,218.02
37914,218.02
37915,218.02
37916,218.02
37917,218.02
37918,215.634
37919,215.634
37920,215.634
37921,215.634
37922,215.634
37923,215.634
37924,215.634
37925,215.634
37926,215.634
37927,215.634
37928,215.634
37929,215.634
37930,215.634
37931,215.634
37932,215.634
37933,215.634
37934,215.634
37935,215.634
37936,215.634
37937,215.634
37938,215.634
37939,216.342
37940,216.342
37941,216.342
37942,216.342
37943,216.342
37944,216.342
37945,216.342
37946,216.342
37947,216.342
37948,216.342
37949,216.342
37950,216.342
37951,216.342
37952,216.342
37953,216.342
37954,216.342
37955,216.342
37956,216.342
37957,216.342
37958,216.342
37959,213.855
37960,213.855
37961,213.855
37962,213.855
37963,213.855
37964,213.855
37965,213.855
37966,213.855
37967,213.855
37968,213.855
37969,213.855
37970,213.855
37971,213.855
37972,213.855
37973,213.855
37974,213.855
37975,213.855
37976,213.855
37977,213.855
37978,213.855
37979,219.549
37980,219.549
37981,219.549
37982,219.549
37983,219.549
37984,219.549
37985,219.549
37986,219.549
37987,219.549
37988,219.549
37989,219.549
37990,219.549
37991,219.549
37992,219.549
37993,219.549
37994,219.549
37995,219.549
37996,219.549
37997,219.549
37998,219.549
37999,219.549
38000,219.549
38001,222.684
38002,222.684
38003,222.684
38004,222.684
38005,222.684
38006,222.684
38007,222.684
38008,222.684
38009,222.684
38010,222.684
38011,222.684
38012,222.684
38013,222.684
38014,222.684
38015,222.684
38016,222.684
38017,222.684
38018,221.706
38019,221.706
38020,221.706
38021,221.706
38022,221.706
38023,221.706
38024,221.706
38025,221.706
38026,221.706
38027,221.706
38028,221.706
38029,221.706
38030,221.706
38031,221.706
38032,221.706
38033,221.706
38034,221.706
38035,221.706
38036,221.706
38037,221.706
38038,221.706
38039,221.706
38040,221.706
38041,221.706
38042,221.706
38043,221.706
38044,221.706
38045,221.706
38046,221.706
38047,221.706
38048,221.706
38049,221.706
38050,221.706
38051,221.706
38052,221.706
38053,221.706
38054,221.706
38055,221.706
38056,221.706
38057,221.706
38058,222.353
38059,222.353
38060,222.353
38061,222.353
38062,222.353
38063,222.353
38064,222.353
38065,222.353
38066,222.353
38067,222.353
38068,222.353
38069,222.353
38070,222.353
38071,222.353
38072,222.353
38073,222.353
38074,222.353
38075,222.353
38076,222.353
38077,222.353
38078,221.383
38079,221.383
38080,221.383
38081,221.383
38082,221.383
38083,221.383
38084,221.383
38085,221.383
38086,221.383
38087,221.383
38088,221.383
38089,221.383
38090,221.383
38091,221.383
38092,221.383
38093,221.383
38094,221.383
38095,221.383
38096,221.383
38097,221.383
38098,221.383
38099,221.383
38100,221.383
38101,221.383
38102,221.383
38103,221.383
38104,221.383
38105,221.383
38106,221.383
38107,221.383
38108,221.383
38109,221.383
38110,221.383
38111,221.383
38112,221.383
38113,221.383
38114,221.383
38115,221.383
38116,221.383
38117,221.383
38118,221.383
38119,221.383
38120,221.383
38121,221.383
38122,221.383
38123,221.383
38124,221.383
38125,221.383
38126,221.383
38127,221.383
38128,221.383
38129,221.383
38130,221.383
38131,221.383
38132,221.383
38133,221.383
38134,221.383
38135,221.383
38136,221.383
38137,221.383
38138,221.383
38139,220.352
38140,220.352
38141,220.352
38142,220.352
38143,220.352
38144,220.352
38145,220.352
38146,220.352
38147,220.352
38148,220.352
38149,220.352
38150,220.352
38151,220.352
38152,220.352
38153,220.352
38154,220.352
38155,220.352
38156,220.352
38157,220.352
38158,219.698
38159,219.698
38160,219.698
38161,219.698
38162,219.698
38163,219.698
38164,219.698
38165,219.698
38166,219.698
38167,219.698
38168,219.698
38169,219.698
38170,219.698
38171,219.698
38172,219.698
38173,219.698
38174,219.698
38175,219.698
38176,219.698
38177,219.698
38178,218.997
38179,218.997
38180,218.997
38181,218.997
38182,218.997
38183,218.997
38184,218.997
38185,218.997
38186,218.997
38187,218.997
38188,218.997
38189,218.997
38190,218.997
38191,218.997
38192,218.997
38193,218.997
38194,218.997
38195,218.997
38196,218.997
38197,218.997
38198,218.997
38199,218.997
38200,219.698
38201,219.698
38202,219.698
38203,219.698
38204,219.698
38205,219.698
38206,219.698
38207,219.698
38208,219.698
38209,219.698
38210,219.698
38211,219.698
38212,219.698
38213,219.698
38214,219.698
38215,219.698
38216,219.698
38217,219.698
38218,218.247
38219,218.247
38220,218.247
38221,218.247
38222,218.247
38223,218.247
38224,218.247
38225,218.247
38226,218.247
38227,218.247
38228,218.247
38229,218.247
38230,218.247
38231,218.247
38232,218.247
38233,218.247
38234,218.247
38235,218.247
38236,218.247
38237,218.247
38238,218.247
38239,216.342
38240,216.342
38241,216.342
38242,216.342
38243,216.342
38244,216.342
38245,216.342
38246,216.342
38247,216.342
38248,216.342
38249,216.342
38250,216.342
38251,216.342
38252,216.342
38253,216.342
38254,216.342
38255,216.342
38256,216.342
38257,216.342
38258,216.891
38259,216.891
38260,216.891
38261,216.891
38262,216.891
38263,216.891
38264,216.891
38265,216.891
38266,216.891
38267,216.891
38268,216.891
38269,216.891
38270,216.891
38271,216.891
38272,216.891
38273,216.891
38274,216.891
38275,216.891
38276,216.891
38277,216.891
38278,215.634
38279,215.634
38280,215.634
38281,215.634
38282,215.634
38283,215.634
38284,215.634
38285,215.634
38286,215.634
38287,215.634
38288,215.634
38289,215.634
38290,215.634
38291,215.634
38292,215.634
38293,215.634
38294,215.634
38295,215.634
38296,215.634
38297,215.634
38298,215.634
38299,215.634
38300,218.674
38301,218.674
38302,218.674
38303,218.674
38304,218.674
38305,218.674
38306,218.674
38307,218.674
38308,218.674
38309,218.674
38310,218.674
38311,218.674
38312,218.674
38313,218.674
38314,218.674
38315,218.674
38316,218.674
38317,218.674
38318,221.937
38319,221.937
38320,221.937
38321,221.937
38322,221.937
38323,221.937
38324,221.937
38325,221.937
38326,221.937
38327,221.937
38328,221.937
38329,221.937
38330,221.937
38331,221.937
38332,221.937
38333,221.937
38334,221.937
38335,221.937
38336,221.937
38337,221.937
38338,221.937
38339,222.03
38340,222.03
38341,222.03
38342,222.03
38343,222.03
38344,222.03
38345,222.03
38346,222.03
38347,222.03
38348,222.03
38349,222.03
38350,222.03
38351,222.03
38352,222.03
38353,222.03
38354,222.03
38355,222.03
38356,222.03
38357,222.03
38358,222.03
38359,222.03
38360,222.03
38361,222.03
38362,222.03
38363,222.03
38364,222.03
38365,222.03
38366,222.03
38367,222.03
38368,222.03
38369,222.03
38370,222.03
38371,222.03
38372,222.03
38373,222.03
38374,222.03
38375,222.03
38376,222.03
38377,222.03
38378,222.03
38379,221.937
38380,221.937
38381,221.937
38382,221.937
38383,221.937
38384,221.937
38385,221.937
38386,221.937
38387,221.937
38388,221.937
38389,221.937
38390,221.937
38391,221.937
38392,221.937
38393,221.937
38394,221.937
38395,221.937
38396,221.937
38397,221.937
38398,221.937
38399,221.937
38400,221.706
38401,221.706
38402,221.706
38403,221.706
38404,221.706
38405,221.706
38406,221.706
38407,221.706
38408,221.706
38409,221.706
38410,221.706
38411,221.706
38412,221.706
38413,221.706
38414,221.706
38415,221.706
38416,221.706
38417,221.706
38418,221.706
38419,221.706
38420,221.706
38421,221.706
38422,221.706
38423,221.706
38424,221.706
38425,221.706
38426,221.706
38427,221.706
38428,221.706
38429,221.706
38430,221.706
38431,221.706
38432,221.706
38433,221.706
38434,221.706
38435,221.706
38436,221.706
38437,221.706
38438,221.706
38439,230.757
38440,230.757
38441,230.757
38442,230.757
38443,230.757
38444,230.757
38445,230.757
38446,230.757
38447,230.757
38448,230.757
38449,230.757
38450,230.757
38451,230.757
38452,230.757
38453,230.757
38454,230.757
38455,230.757
38456,230.757
38457,230.757
38458,230.757
38459,230.757
38460,230.757
38461,230.757
38462,230.757
38463,230.757
38464,230.757
38465,230.757
38466,230.757
38467,230.757
38468,230.757
38469,230.757
38470,230.757
38471,230.757
38472,230.757
38473,230.757
38474,224.038
38475,224.038
38476,224.038
38477,224.038
38478,224.038
38479,224.038
38480,224.038
38481,224.038
38482,224.038
38483,224.038
38484,220.352
38485,220.352
38486,220.352
38487,220.352
38488,220.352
38489,220.352
38490,220.352
38491,220.352
38492,220.352
38493,220.352
38494,220.352
38495,220.352
38496,220.352
38497,220.352
38498,220.352
38499,220.352
38500,217.546
38501,217.546
38502,217.546
38503,217.546
38504,217.546
38505,217.546
38506,217.546
38507,217.546
38508,217.546
38509,217.546
38510,217.546
38511,217.546
38512,217.546
38513,217.546
38514,217.546
38515,217.546
38516,217.546
38517,217.546
38518,216.989
38519,216.989
38520,216.989
38521,216.989
38522,216.989
38523,216.989
38524,216.989
38525,216.989
38526,216.989
38527,216.989
38528,216.989
38529,216.989
38530,216.989
38531,216.989
38532,216.989
38533,216.989
38534,216.989
38535,216.989
38536,216.989
38537,216.989
38538,216.989
38539,216.989
38540,216.989
38541,216.989
38542,216.989
38543,216.989
38544,216.989
38545,217.32
38546,217.32
38547,217.32
38548,217.32
38549,217.32
38550,217.32
38551,217.32
38552,217.32
38553,217.32
38554,217.32
38555,217.32
38556,217.32
38557,217.32
38558,216.989
38559,216.989
38560,216.989
38561,216.989
38562,216.989
38563,216.989
38564,216.989
38565,216.989
38566,216.989
38567,216.989
38568,216.989
38569,216.989
38570,216.989
38571,216.989
38572,216.989
38573,216.989
38574,216.989
38575,216.989
38576,216.989
38577,216.989
38578,216.989
38579,216.989
38580,216.989
38581,216.989
38582,216.989
38583,216.989
38584,216.989
38585,216.989
38586,216.989
38587,216.989
38588,216.989
38589,216.989
38590,216.989
38591,216.989
38592,216.989
38593,216.989
38594,216.989
38595,216.989
38596,216.989
38597,216.989
38598,216.989
38599,216.989
38600,215.634
38601,215.634
38602,215.634
38603,215.634
38604,215.634
38605,215.634
38606,215.634
38607,215.634
38608,215.634
38609,215.634
38610,215.634
38611,215.634
38612,215.634
38613,215.634
38614,215.634
38615,215.634
38616,215.634
38617,215.634
38618,216.989
38619,216.989
38620,216.989
38621,216.989
38622,216.989
38623,216.989
38624,216.989
38625,216.989
38626,216.989
38627,216.989
38628,216.989
38629,216.989
38630,216.989
38631,216.989
38632,216.989
38633,216.989
38634,216.989
38635,216.989
38636,216.989
38637,216.989
38638,216.989
38639,216.342
38640,216.342
38641,216.342
38642,216.342
38643,216.342
38644,216.342
38645,216.342
38646,216.342
38647,216.342
38648,216.342
38649,216.342
38650,216.342
38651,216.342
38652,216.342
38653,216.342
38654,216.342
38655,216.342
38656,216.342
38657,216.342
38658,216.342
38659,215.535
38660,215.535
38661,215.535
38662,215.535
38663,215.535
38664,215.535
38665,215.535
38666,215.535
38667,215.535
38668,215.535
38669,215.535
38670,215.535
38671,215.535
38672,215.535
38673,215.535
38674,215.535
38675,215.535
38676,215.535
38677,215.535
38678,216.665
38679,216.665
38680,216.665
38681,216.665
38682,216.665
38683,216.665
38684,216.665
38685,216.665
38686,216.665
38687,216.665
38688,216.665
38689,216.665
38690,216.665
38691,216.665
38692,216.665
38693,216.665
38694,216.665
38695,216.665
38696,216.665
38697,216.665
38698,216.665
38699,216.665
38700,216.019
38701,216.019
38702,216.019
38703,216.019
38704,216.019
38705,216.019
38706,216.019
38707,216.019
38708,216.019
38709,216.019
38710,216.019
38711,216.019
38712,216.019
38713,216.019
38714,216.019
38715,216.019
38716,216.019
38717,216.019
38718,215.311
38719,215.311
38720,215.311
38721,215.311
38722,215.311
38723,215.311
38724,215.311
38725,215.311
38726,215.311
38727,215.311
38728,215.311
38729,215.311
38730,215.311
38731,215.311
38732,215.311
38733,215.311
38734,215.311
38735,215.311
38736,215.311
38737,215.311
38738,215.311
38739,215.634
38740,215.634
38741,215.634
38742,215.634
38743,215.634
38744,215.634
38745,215.634
38746,215.634
38747,215.634
38748,215.634
38749,215.634
38750,215.634
38751,215.634
38752,215.634
38753,215.634
38754,215.634
38755,215.634
38756,215.634
38757,215.634
38758,215.535
38759,215.535
38760,215.535
38761,215.535
38762,215.535
38763,215.535
38764,215.535
38765,215.535
38766,215.535
38767,215.535
38768,215.535
38769,215.535
38770,215.535
38771,215.535
38772,215.535
38773,215.535
38774,215.535
38775,215.535
38776,215.535
38777,215.535
38778,216.019
38779,216.019
38780,216.019
38781,216.019
38782,216.019
38783,216.019
38784,216.019
38785,216.019
38786,216.019
38787,216.019
38788,216.019
38789,216.019
38790,216.019
38791,216.019
38792,216.019
38793,216.019
38794,216.019
38795,216.019
38796,216.019
38797,216.019
38798,216.019
38799,216.019
38800,216.019
38801,214.179
38802,214.179
38803,214.179
38804,214.179
38805,214.179
38806,214.179
38807,214.179
38808,214.179
38809,214.179
38810,214.179
38811,214.179
38812,214.179
38813,214.179
38814,214.179
38815,214.179
38816,214.179
38817,214.179
38818,216.244
38819,216.244
38820,216.244
38821,216.244
38822,216.244
38823,216.244
38824,216.244
38825,216.244
38826,216.244
38827,216.244
38828,216.244
38829,216.244
38830,216.244
38831,216.244
38832,216.244
38833,216.244
38834,216.244
38835,216.244
38836,216.244
38837,216.244
38838,216.244
38839,216.019
38840,216.019
38841,216.019
38842,216.019
38843,216.019
38844,216.019
38845,216.019
38846,216.019
38847,216.019
38848,216.019
38849,216.019
38850,216.019
38851,216.019
38852,216.019
38853,216.019
38854,216.019
38855,216.019
38856,216.019
38857,216.019
38858,213.633
38859,213.633
38860,213.633
38861,213.633
38862,213.633
38863,213.633
38864,213.633
38865,213.633
38866,213.633
38867,213.633
38868,213.633
38869,213.633
38870,213.633
38871,213.633
38872,213.633
38873,213.633
38874,213.633
38875,213.633
38876,213.633
38877,213.633
38878,213.633
38879,213.633
38880,213.633
38881,213.633
38882,213.633
38883,213.633
38884,213.633
38885,213.633
38886,213.633
38887,213.633
38888,213.633
38889,213.633
38890,213.633
38891,213.633
38892,213.633
38893,213.633
38894,213.633
38895,213.633
38896,213.633
38897,213.633
38898,213.633
38899,213.633
38900,212.499
38901,212.499
38902,212.499
38903,212.499
38904,212.499
38905,212.499
38906,212.499
38907,212.499
38908,212.499
38909,212.499
38910,212.499
38911,212.499
38912,212.499
38913,212.499
38914,212.499
38915,212.499
38916,212.499
38917,212.499
38918,215.211
38919,215.211
38920,215.211
38921,215.211
38922,215.211
38923,215.211
38924,215.211
38925,215.211
38926,215.211
38927,215.211
38928,215.211
38929,215.211
38930,215.211
38931,215.211
38932,215.211
38933,215.211
38934,215.211
38935,215.211
38936,215.211
38937,215.211
38938,212.176
38939,212.176
38940,212.176
38941,212.176
38942,212.176
38943,212.176
38944,212.176
38945,212.176
38946,212.176
38947,212.176
38948,212.176
38949,212.176
38950,212.176
38951,212.176
38952,212.176
38953,212.176
38954,212.176
38955,212.176
38956,212.176
38957,212.176
38958,213.532
38959,213.532
38960,213.532
38961,213.532
38962,213.532
38963,213.532
38964,213.532
38965,213.532
38966,213.532
38967,213.532
38968,213.532
38969,213.532
38970,213.532
38971,213.532
38972,213.532
38973,213.532
38974,213.532
38975,213.532
38976,213.532
38977,213.532
38978,213.532
38979,212.656
38980,212.656
38981,212.656
38982,212.656
38983,212.656
38984,212.656
38985,212.656
38986,212.656
38987,212.656
38988,212.656
38989,212.656
38990,212.656
38991,212.656
38992,212.656
38993,212.656
38994,212.656
38995,212.656
38996,212.656
38997,212.656
38998,212.656
38999,212.656
39000,212.279
39001,212.279
39002,212.279
39003,212.279
39004,212.279
39005,212.279
39006,212.279
39007,212.279
39008,212.279
39009,212.279
39010,212.279
39011,212.279
39012,212.279
39013,212.279
39014,212.279
39015,212.279
39016,212.279
39017,212.279
39018,213.31
39019,213.31
39020,213.31
39021,213.31
39022,213.31
39023,213.31
39024,213.31
39025,213.31
39026,213.31
39027,213.31
39028,213.31
39029,213.31
39030,213.31
39031,213.31
39032,213.31
39033,213.31
39034,213.31
39035,213.31
39036,213.31
39037,213.31
39038,211.521
39039,211.521
39040,211.521
39041,211.521
39042,211.521
39043,211.521
39044,211.521
39045,211.521
39046,211.521
39047,211.521
39048,211.521
39049,211.521
39050,211.521
39051,211.521
39052,211.521
39053,211.521
39054,211.521
39055,211.521
39056,211.521
39057,211.521
39058,213.633
39059,213.633
39060,213.633
39061,213.633
39062,213.633
39063,213.633
39064,213.633
39065,213.633
39066,213.633
39067,213.633
39068,213.633
39069,213.633
39070,213.633
39071,213.633
39072,213.633
39073,213.633
39074,213.633
39075,213.633
39076,213.633
39077,213.633
39078,213.633
39079,211.845
39080,211.845
39081,211.845
39082,211.845
39083,211.845
39084,211.845
39085,211.845
39086,211.845
39087,211.845
39088,211.845
39089,211.845
39090,211.845
39091,211.845
39092,211.845
39093,211.845
39094,211.845
39095,211.845
39096,211.845
39097,211.845
39098,211.845
39099,211.845
39100,213.633
39101,213.633
39102,213.633
39103,213.633
39104,213.633
39105,213.633
39106,213.633
39107,213.633
39108,213.633
39109,213.633
39110,213.633
39111,213.633
39112,213.633
39113,213.633
39114,213.633
39115,213.633
39116,213.633
39117,213.633
39118,210.978
39119,210.978
39120,210.978
39121,210.978
39122,210.978
39123,210.978
39124,210.978
39125,210.978
39126,210.978
39127,210.978
39128,210.978
39129,210.978
39130,210.978
39131,210.978
39132,210.978
39133,210.978
39134,210.978
39135,210.978
39136,210.978
39137,210.978
39138,210.978
39139,212.656
39140,212.656
39141,212.656
39142,212.656
39143,212.656
39144,212.656
39145,212.656
39146,212.656
39147,212.656
39148,212.656
39149,212.656
39150,212.656
39151,212.656
39152,212.656
39153,212.656
39154,212.656
39155,212.656
39156,212.656
39157,212.656
39158,211.301
39159,211.301
39160,211.301
39161,211.301
39162,211.301
39163,211.301
39164,211.301
39165,211.301
39166,211.301
39167,211.301
39168,211.301
39169,211.301
39170,211.301
39171,211.301
39172,211.301
39173,211.301
39174,211.301
39175,211.301
39176,211.301
39177,211.301
39178,211.625
39179,211.625
39180,211.625
39181,211.625
39182,211.625
39183,211.625
39184,211.625
39185,211.625
39186,211.625
39187,211.625
39188,211.625
39189,211.625
39190,211.625
39191,211.625
39192,211.625
39193,211.625
39194,211.625
39195,211.625
39196,211.625
39197,211.625
39198,211.625
39199,211.625
39200,213.31
39201,213.31
39202,213.31
39203,213.31
39204,213.31
39205,213.31
39206,213.31
39207,213.31
39208,213.31
39209,213.31
39210,213.31
39211,213.31
39212,213.31
39213,213.31
39214,213.31
39215,213.31
39216,213.31
39217,213.31
39218,213.31
39219,215.311
39220,215.311
39221,215.311
39222,215.311
39223,215.311
39224,215.311
39225,215.311
39226,215.311
39227,215.311
39228,215.311
39229,215.311
39230,215.311
39231,215.311
39232,215.311
39233,215.311
39234,215.311
39235,215.311
39236,215.311
39237,215.311
39238,215.311
39239,215.634
39240,215.634
39241,215.634
39242,215.634
39243,215.634
39244,215.634
39245,215.634
39246,215.634
39247,215.634
39248,215.634
39249,215.634
39250,215.634
39251,215.634
39252,215.634
39253,215.634
39254,215.634
39255,215.634
39256,215.634
39257,215.634
39258,216.989
39259,216.989
39260,216.989
39261,216.989
39262,216.989
39263,216.989
39264,216.989
39265,216.989
39266,216.989
39267,216.989
39268,216.989
39269,216.989
39270,216.989
39271,216.989
39272,216.989
39273,216.989
39274,216.989
39275,216.989
39276,216.989
39277,216.989
39278,219.321
39279,219.321
39280,219.321
39281,219.321
39282,219.321
39283,219.321
39284,219.321
39285,219.321
39286,219.321
39287,219.321
39288,219.321
39289,219.321
39290,219.321
39291,219.321
39292,219.321
39293,219.321
39294,219.321
39295,219.321
39296,219.321
39297,219.321
39298,219.321
39299,219.321
39300,218.343
39301,218.343
39302,218.343
39303,218.343
39304,218.343
39305,218.343
39306,218.343
39307,218.343
39308,218.343
39309,218.343
39310,218.343
39311,218.343
39312,218.343
39313,218.343
39314,218.343
39315,218.343
39316,218.343
39317,218.343
39318,218.343
39319,218.343
39320,218.343
39321,218.343
39322,218.343
39323,218.343
39324,218.343
39325,218.343
39326,218.343
39327,218.343
39328,218.343
39329,218.343
39330,218.343
39331,218.343
39332,218.343
39333,218.343
39334,218.343
39335,218.343
39336,218.343
39337,218.343
39338,218.343
39339,216.019
39340,216.019
39341,216.019
39342,216.019
39343,216.019
39344,216.019
39345,216.019
39346,216.019
39347,216.019
39348,216.019
39349,216.019
39350,216.019
39351,216.019
39352,216.019
39353,216.019
39354,216.019
39355,216.019
39356,216.019
39357,216.019
39358,216.019
39359,216.567
39360,216.567
39361,216.567
39362,216.567
39363,216.567
39364,216.567
39365,216.567
39366,216.567
39367,216.567
39368,216.567
39369,216.567
39370,216.567
39371,216.567
39372,216.567
39373,216.567
39374,216.567
39375,216.567
39376,216.567
39377,216.567
39378,216.665
39379,216.665
39380,216.665
39381,216.665
39382,216.665
39383,216.665
39384,216.665
39385,216.665
39386,216.665
39387,216.665
39388,216.665
39389,216.665
39390,216.665
39391,216.665
39392,216.665
39393,216.665
39394,216.665
39395,216.665
39396,216.665
39397,216.665
39398,216.665
39399,216.665
39400,218.343
39401,218.343
39402,218.343
39403,218.343
39404,218.343
39405,218.343
39406,218.343
39407,218.343
39408,218.343
39409,218.343
39410,218.343
39411,218.343
39412,218.343
39413,218.343
39414,218.343
39415,218.343
39416,218.343
39417,218.343
39418,218.343
39419,218.343
39420,218.343
39421,218.343
39422,218.343
39423,218.343
39424,218.343
39425,218.343
39426,218.343
39427,218.343
39428,218.343
39429,218.343
39430,218.343
39431,218.343
39432,218.343
39433,218.343
39434,218.343
39435,218.343
39436,218.343
39437,218.343
39438,218.343
39439,218.247
39440,218.247
39441,218.247
39442,218.247
39443,218.247
39444,218.247
39445,218.247
39446,218.247
39447,218.247
39448,218.247
39449,218.247
39450,218.247
39451,218.247
39452,218.247
39453,218.247
39454,218.247
39455,218.247
39456,218.247
39457,218.247
39458,216.665
39459,216.665
39460,216.665
39461,216.665
39462,216.665
39463,216.665
39464,216.665
39465,216.665
39466,216.665
39467,216.665
39468,216.665
39469,216.665
39470,216.665
39471,216.665
39472,216.665
39473,216.665
39474,216.665
39475,216.665
39476,216.665
39477,216.665
39478,216.567
39479,216.567
39480,216.567
39481,216.567
39482,216.567
39483,216.567
39484,216.567
39485,216.567
39486,216.567
39487,216.567
39488,216.567
39489,216.567
39490,216.567
39491,216.567
39492,216.567
39493,216.567
39494,216.567
39495,216.567
39496,216.567
39497,216.567
39498,216.567
39499,216.567
39500,218.02
39501,218.02
39502,218.02
39503,218.02
39504,218.02
39505,218.02
39506,218.02
39507,218.02
39508,218.02
39509,218.02
39510,218.02
39511,218.02
39512,218.02
39513,218.02
39514,218.02
39515,218.02
39516,218.02
39517,218.02
39518,216.989
39519,216.989
39520,216.989
39521,216.989
39522,216.989
39523,216.989
39524,216.989
39525,216.989
39526,216.989
39527,216.989
39528,216.989
39529,216.989
39530,216.989
39531,216.989
39532,216.989
39533,216.989
39534,216.989
39535,216.989
39536,216.989
39537,216.989
39538,216.989
39539,216.989
39540,216.989
39541,216.989
39542,216.989
39543,216.989
39544,216.989
39545,216.989
39546,216.989
39547,216.989
39548,216.989
39549,216.989
39550,216.989
39551,216.989
39552,216.989
39553,216.989
39554,216.989
39555,216.989
39556,216.989
39557,216.989
39558,215.311
39559,215.311
39560,215.311
39561,215.311
39562,215.311
39563,215.311
39564,215.311
39565,215.311
39566,215.311
39567,215.311
39568,215.311
39569,215.311
39570,215.311
39571,215.311
39572,215.311
39573,215.311
39574,215.311
39575,215.311
39576,215.311
39577,215.311
39578,215.634
39579,215.634
39580,215.634
39581,215.634
39582,215.634
39583,215.634
39584,215.634
39585,215.634
39586,215.634
39587,215.634
39588,215.634
39589,215.634
39590,215.634
39591,215.634
39592,215.634
39593,215.634
39594,215.634
39595,215.634
39596,215.634
39597,215.634
39598,215.634
39599,215.634
39600,214.988
39601,214.988
39602,214.988
39603,214.988
39604,214.988
39605,214.988
39606,214.988
39607,214.988
39608,214.988
39609,214.988
39610,214.988
39611,214.988
39612,214.988
39613,214.988
39614,214.988
39615,214.988
39616,214.988
39617,214.988
39618,214.334
39619,214.334
39620,214.334
39621,214.334
39622,214.334
39623,214.334
39624,214.334
39625,214.334
39626,214.334
39627,214.334
39628,214.334
39629,214.334
39630,214.334
39631,214.334
39632,214.334
39633,214.334
39634,214.334
39635,214.334
39636,214.334
39637,214.334
39638,214.334
39639,214.665
39640,214.665
39641,214.665
39642,214.665
39643,214.665
39644,214.665
39645,214.665
39646,214.665
39647,214.665
39648,214.665
39649,214.665
39650,214.665
39651,214.665
39652,214.665
39653,214.665
39654,214.665
39655,214.665
39656,214.665
39657,214.665
39658,213.633
39659,213.633
39660,213.633
39661,213.633
39662,213.633
39663,213.633
39664,213.633
39665,213.633
39666,213.633
39667,213.633
39668,213.633
39669,213.633
39670,213.633
39671,213.633
39672,213.633
39673,213.633
39674,213.633
39675,213.633
39676,213.633
39677,213.633
39678,213.633
39679,213.633
39680,213.633
39681,213.633
39682,213.633
39683,213.633
39684,213.633
39685,213.633
39686,213.633
39687,213.633
39688,213.633
39689,213.633
39690,213.633
39691,213.633
39692,213.633
39693,213.633
39694,213.633
39695,213.633
39696,213.633
39697,213.633
39698,213.633
39699,213.633
39700,213.956
39701,213.956
39702,213.956
39703,213.956
39704,213.956
39705,213.956
39706,213.956
39707,213.956
39708,213.956
39709,213.956
39710,213.956
39711,213.956
39712,213.956
39713,213.956
39714,213.956
39715,213.956
39716,213.956
39717,213.956
39718,213.956
39719,213.956
39720,213.956
39721,213.956
39722,213.956
39723,213.956
39724,213.956
39725,213.956
39726,213.956
39727,213.956
39728,213.956
39729,213.956
39730,213.956
39731,213.956
39732,213.956
39733,213.956
39734,213.956
39735,213.956
39736,213.956
39737,213.956
39738,213.956
39739,213.633
39740,213.633
39741,213.633
39742,213.633
39743,213.633
39744,213.633
39745,213.633
39746,213.633
39747,213.633
39748,213.633
39749,213.633
39750,213.633
39751,213.633
39752,213.633
39753,213.633
39754,213.633
39755,213.633
39756,213.633
39757,213.633
39758,214.988
39759,214.988
39760,214.988
39761,214.988
39762,214.988
39763,214.988
39764,214.988
39765,214.988
39766,214.988
39767,214.988
39768,214.988
39769,214.988
39770,214.988
39771,214.988
39772,214.988
39773,214.988
39774,214.988
39775,214.988
39776,214.988
39777,214.988
39778,214.988
39779,214.334
39780,214.334
39781,214.334
39782,214.334
39783,214.334
39784,214.334
39785,214.334
39786,214.334
39787,214.334
39788,214.334
39789,214.334
39790,214.334
39791,214.334
39792,214.334
39793,214.334
39794,214.334
39795,214.334
39796,214.334
39797,214.334
39798,214.334
39799,214.334
39800,213.532
39801,213.532
39802,213.532
39803,213.532
39804,213.532
39805,213.532
39806,213.532
39807,213.532
39808,213.532
39809,213.532
39810,213.532
39811,213.532
39812,213.532
39813,213.532
39814,213.532
39815,213.532
39816,213.532
39817,213.532
39818,208.969
39819,208.969
39820,208.969
39821,208.969
39822,208.969
39823,208.969
39824,208.969
39825,208.969
39826,208.969
39827,208.969
39828,208.969
39829,208.969
39830,208.969
39831,208.969
39832,208.969
39833,208.969
39834,208.969
39835,208.969
39836,208.969
39837,208.969
39838,208.969
39839,212.279
39840,212.279
39841,212.279
39842,212.279
39843,212.279
39844,212.279
39845,212.279
39846,212.279
39847,212.279
39848,212.279
39849,212.279
39850,212.279
39851,212.279
39852,212.279
39853,212.279
39854,212.279
39855,212.279
39856,212.279
39857,212.279
39858,216.342
39859,216.342
39860,216.342
39861,216.342
39862,216.342
39863,216.342
39864,216.342
39865,216.342
39866,216.342
39867,216.342
39868,216.342
39869,216.342
39870,216.342
39871,216.342
39872,216.342
39873,216.342
39874,216.342
39875,216.342
39876,216.342
39877,216.342
39878,216.665
39879,216.665
39880,216.665
39881,216.665
39882,216.665
39883,216.665
39884,216.665
39885,216.665
39886,216.665
39887,216.665
39888,216.665
39889,216.665
39890,216.665
39891,216.665
39892,216.665
39893,216.665
39894,216.665
39895,216.665
39896,216.665
39897,216.665
39898,216.665
39899,216.665
39900,217.643
39901,217.643
39902,217.643
39903,217.643
39904,217.643
39905,217.643
39906,217.643
39907,217.643
39908,217.643
39909,217.643
39910,217.643
39911,217.643
39912,217.643
39913,217.643
39914,217.643
39915,217.643
39916,217.643
39917,217.643
39918,218.02
39919,218.02
39920,218.02
39921,218.02
39922,218.02
39923,218.02
39924,218.02
39925,218.02
39926,218.02
39927,218.02
39928,218.02
39929,218.02
39930,218.02
39931,218.02
39932,218.02
39933,218.02
39934,218.02
39935,218.02
39936,218.02
39937,218.02
39938,218.02
39939,218.343
39940,218.343
39941,218.343
39942,218.343
39943,218.343
39944,218.343
39945,218.343
39946,218.343
39947,218.343
39948,218.343
39949,218.343
39950,218.343
39951,218.343
39952,218.343
39953,218.343
39954,218.343
39955,218.343
39956,218.343
39957,218.343
39958,216.342
39959,216.342
39960,216.342
39961,216.342
39962,216.342
39963,216.342
39964,216.342
39965,216.342
39966,216.342
39967,216.342
39968,216.342
39969,216.342
39970,216.342
39971,216.342
39972,216.342
39973,216.342
39974,216.342
39975,216.342
39976,216.342
39977,216.342
39978,216.342
39979,216.342
39980,216.342
39981,216.342
39982,216.342
39983,216.342
39984,216.342
39985,216.342
39986,216.342
39987,216.342
39988,216.342
39989,216.342
39990,216.342
39991,216.342
39992,216.342
39993,216.342
39994,216.342
39995,216.342
39996,216.342
39997,216.342
39998,216.342
39999,216.342
40000,216.891
40001,216.891
40002,216.891
40003,216.891
40004,216.891
40005,216.891
40006,216.891
40007,216.891
40008,216.891
40009,216.891
40010,216.891
40011,216.891
40012,216.891
40013,216.891
40014,216.891
40015,216.891
40016,216.891
40017,216.891
40018,216.891
40019,216.891
40020,216.891
40021,216.891
40022,216.891
40023,216.891
40024,216.891
40025,216.891
40026,216.891
40027,216.891
40028,216.891
40029,216.891
40030,216.891
40031,216.891
40032,216.891
40033,216.891
40034,216.891
40035,216.891
40036,216.891
40037,216.891
40038,216.891
40039,215.634
40040,215.634
40041,215.634
40042,215.634
40043,215.634
40044,215.634
40045,215.634
40046,215.634
40047,215.634
40048,215.634
40049,215.634
40050,215.634
40051,215.634
40052,215.634
40053,215.634
40054,215.634
40055,215.634
40056,215.634
40057,215.634
40058,215.634
40059,216.567
40060,216.567
40061,216.567
40062,216.567
40063,216.567
40064,216.567
40065,216.567
40066,216.567
40067,216.567
40068,216.567
40069,216.567
40070,216.567
40071,216.567
40072,216.567
40073,216.567
40074,216.567
40075,216.567
40076,216.567
40077,216.567
40078,215.634
40079,215.634
40080,215.634
40081,215.634
40082,215.634
40083,215.634
40084,215.634
40085,215.634
40086,215.634
40087,215.634
40088,215.634
40089,215.634
40090,215.634
40091,215.634
40092,215.634
40093,215.634
40094,215.634
40095,215.634
40096,215.634
40097,215.634
40098,215.634
40099,215.634
40100,214.888
40101,214.888
40102,214.888
40103,214.888
40104,214.888
40105,214.888
40106,214.888
40107,214.888
40108,214.888
40109,214.888
40110,214.888
40111,214.888
40112,214.888
40113,214.888
40114,214.888
40115,214.888
40116,214.888
40117,214.888
40118,215.311
40119,215.311
40120,215.311
40121,215.311
40122,215.311
40123,215.311
40124,215.311
40125,215.311
40126,215.311
40127,215.311
40128,215.311
40129,215.311
40130,215.311
40131,215.311
40132,215.311
40133,215.311
40134,215.311
40135,215.311
40136,215.311
40137,215.311
40138,215.311
40139,213.633
40140,213.633
40141,213.633
40142,213.633
40143,213.633
40144,213.633
40145,213.633
40146,213.633
40147,213.633
40148,213.633
40149,213.633
40150,213.633
40151,213.633
40152,213.633
40153,213.633
40154,213.633
40155,213.633
40156,213.633
40157,213.633
40158,212.656
40159,212.656
40160,212.656
40161,212.656
40162,212.656
40163,212.656
40164,212.656
40165,212.656
40166,212.656
40167,212.656
40168,212.656
40169,212.656
40170,212.656
40171,212.656
40172,212.656
40173,212.656
40174,212.656
40175,212.656
40176,212.656
40177,212.656
40178,213.956
40179,213.956
40180,213.956
40181,213.956
40182,213.956
40183,213.956
40184,213.956
40185,213.956
40186,213.956
40187,213.956
40188,213.956
40189,213.956
40190,213.956
40191,213.956
40192,213.956
40193,213.956
40194,213.956
40195,213.956
40196,213.956
40197,213.956
40198,213.956
40199,213.956
40200,211.301
40201,211.301
40202,211.301
40203,211.301
40204,211.301
40205,211.301
40206,211.301
40207,211.301
40208,211.301
40209,211.301
40210,211.301
40211,211.301
40212,211.301
40213,211.301
40214,211.301
40215,211.301
40216,211.301
40217,211.301
40218,211.301
40219,211.301
40220,211.301
40221,211.301
40222,211.301
40223,211.301
40224,211.301
40225,211.301
40226,211.301
40227,211.301
40228,211.301
40229,211.301
40230,211.301
40231,211.301
40232,211.301
40233,211.301
40234,211.301
40235,211.301
40236,211.301
40237,211.301
40238,213.31
40239,213.31
40240,213.31
40241,213.31
40242,213.31
40243,213.31
40244,213.31
40245,213.31
40246,213.31
40247,213.31
40248,213.31
40249,213.31
40250,213.31
40251,213.31
40252,213.31
40253,213.31
40254,213.31
40255,213.31
40256,213.31
40257,213.31
40258,213.532
40259,213.532
40260,213.532
40261,213.532
40262,213.532
40263,213.532
40264,213.532
40265,213.532
40266,213.532
40267,213.532
40268,213.532
40269,213.532
40270,213.532
40271,213.532
40272,213.532
40273,213.532
40274,213.532
40275,213.532
40276,213.532
40277,213.532
40278,217.643
40279,217.643
40280,217.643
40281,217.643
40282,217.643
40283,217.643
40284,217.643
40285,217.643
40286,217.643
40287,217.643
40288,217.643
40289,217.643
40290,217.643
40291,217.643
40292,217.643
40293,217.643
40294,217.643
40295,217.643
40296,217.643
40297,217.643
40298,217.643
40299,217.643
40300,218.997
40301,218.997
40302,218.997
40303,218.997
40304,218.997
40305,218.997
40306,218.997
40307,218.997
40308,218.997
40309,218.997
40310,218.997
40311,218.997
40312,218.997
40313,218.997
40314,218.997
40315,218.997
40316,218.997
40317,218.997
40318,217.546
40319,217.546
40320,217.546
40321,217.546
40322,217.546
40323,217.546
40324,217.546
40325,217.546
40326,217.546
40327,217.546
40328,217.546
40329,217.546
40330,217.546
40331,217.546
40332,217.546
40333,217.546
40334,217.546
40335,217.546
40336,217.546
40337,217.546
40338,217.546
40339,219.321
40340,219.321
40341,219.321
40342,219.321
40343,219.321
40344,219.321
40345,219.321
40346,219.321
40347,219.321
40348,219.321
40349,219.321
40350,219.321
40351,219.321
40352,219.321
40353,219.321
40354,219.321
40355,219.321
40356,219.321
40357,219.321
40358,216.665
40359,216.665
40360,216.665
40361,216.665
40362,216.665
40363,216.665
40364,216.665
40365,216.665
40366,216.665
40367,216.665
40368,216.665
40369,216.665
40370,216.665
40371,216.665
40372,216.665
40373,216.665
40374,216.665
40375,216.665
40376,216.665
40377,216.665
40378,216.665
40379,216.665
40380,216.665
40381,216.665
40382,216.665
40383,216.665
40384,216.665
40385,216.665
40386,216.665
40387,216.665
40388,216.665
40389,216.665
40390,216.665
40391,216.665
40392,216.665
40393,216.665
40394,216.665
40395,216.665
40396,216.665
40397,216.665
40398,216.665
40399,216.665
40400,217.32
40401,217.32
40402,217.32
40403,217.32
40404,217.32
40405,217.32
40406,217.32
40407,217.32
40408,217.32
40409,217.32
40410,217.32
40411,217.32
40412,217.32
40413,217.32
40414,217.32
40415,217.32
40416,217.32
40417,217.32
40418,216.342
40419,216.342
40420,216.342
40421,216.342
40422,216.342
40423,216.342
40424,216.342
40425,216.342
40426,216.342
40427,216.342
40428,216.342
40429,216.342
40430,216.342
40431,216.342
40432,216.342
40433,216.342
40434,216.342
40435,216.342
40436,216.342
40437,216.342
40438,216.342
40439,216.019
40440,216.019
40441,216.019
40442,216.019
40443,216.019
40444,216.019
40445,216.019
40446,216.019
40447,216.019
40448,216.019
40449,216.019
40450,216.019
40451,216.019
40452,216.019
40453,216.019
40454,216.019
40455,216.019
40456,216.019
40457,216.019
40458,215.858
40459,215.858
40460,215.858
40461,215.858
40462,215.858
40463,215.858
40464,215.858
40465,215.858
40466,215.858
40467,215.858
40468,215.858
40469,215.858
40470,215.858
40471,215.858
40472,215.858
40473,215.858
40474,215.858
40475,215.858
40476,215.858
40477,215.858
40478,215.858
40479,216.019
40480,216.019
40481,216.019
40482,216.019
40483,216.019
40484,216.019
40485,216.019
40486,216.019
40487,216.019
40488,216.019
40489,216.019
40490,216.019
40491,216.019
40492,216.019
40493,216.019
40494,216.019
40495,216.019
40496,216.019
40497,216.019
40498,216.019
40499,216.019
40500,214.988
40501,214.988
40502,214.988
40503,214.988
40504,214.988
40505,214.988
40506,214.988
40507,214.988
40508,214.988
40509,214.988
40510,214.988
40511,214.988
40512,214.988
40513,214.988
40514,214.988
40515,214.988
40516,214.988
40517,214.988
40518,214.665
40519,214.665
40520,214.665
40521,214.665
40522,214.665
40523,214.665
40524,214.665
40525,214.665
40526,214.665
40527,214.665
40528,214.665
40529,214.665
40530,214.665
40531,214.665
40532,214.665
40533,214.665
40534,214.665
40535,214.665
40536,214.665
40537,214.665
40538,214.665
40539,213.633
40540,213.633
40541,213.633
40542,213.633
40543,213.633
40544,213.633
40545,213.633
40546,213.633
40547,213.633
40548,213.633
40549,213.633
40550,213.633
40551,213.633
40552,213.633
40553,213.633
40554,213.633
40555,213.633
40556,213.633
40557,213.633
40558,212.979
40559,212.979
40560,212.979
40561,212.979
40562,212.979
40563,212.979
40564,212.979
40565,212.979
40566,212.979
40567,212.979
40568,212.979
40569,212.979
40570,212.979
40571,212.979
40572,212.979
40573,212.979
40574,212.979
40575,212.979
40576,212.979
40577,212.979
40578,211.197
40579,211.197
40580,211.197
40581,211.197
40582,211.197
40583,211.197
40584,211.197
40585,211.197
40586,211.197
40587,211.197
40588,211.197
40589,211.197
40590,211.197
40591,211.197
40592,211.197
40593,211.197
40594,211.197
40595,211.197
40596,211.197
40597,211.197
40598,211.197
40599,211.197
40600,212.279
40601,212.279
40602,212.279
40603,212.279
40604,212.279
40605,212.279
40606,212.279
40607,212.279
40608,212.279
40609,212.279
40610,212.279
40611,212.279
40612,212.279
40613,212.279
40614,212.279
40615,212.279
40616,212.279
40617,212.279
40618,217.643
40619,217.643
40620,217.643
40621,217.643
40622,217.643
40623,217.643
40624,217.643
40625,217.643
40626,217.643
40627,217.643
40628,217.643
40629,217.643
40630,217.643
40631,217.643
40632,217.643
40633,217.643
40634,217.643
40635,217.643
40636,217.643
40637,217.643
40638,217.643
40639,218.674
40640,218.674
40641,218.674
40642,218.674
40643,218.674
40644,218.674
40645,218.674
40646,218.674
40647,218.674
40648,218.674
40649,218.674
40650,218.674
40651,218.674
40652,218.674
40653,218.674
40654,218.674
40655,218.674
40656,218.674
40657,218.674
40658,218.02
40659,218.02
40660,218.02
40661,218.02
40662,218.02
40663,218.02
40664,218.02
40665,218.02
40666,218.02
40667,218.02
40668,218.02
40669,218.02
40670,218.02
40671,218.02
40672,218.02
40673,218.02
40674,218.02
40675,218.02
40676,218.02
40677,218.02
40678,217.643
40679,217.643
40680,217.643
40681,217.643
40682,217.643
40683,217.643
40684,217.643
40685,217.643
40686,217.643
40687,217.643
40688,217.643
40689,217.643
40690,217.643
40691,217.643
40692,217.643
40693,217.643
40694,217.643
40695,217.643
40696,217.643
40697,217.643
40698,217.643
40699,217.643
40700,216.665
40701,216.665
40702,216.665
40703,216.665
40704,216.665
40705,216.665
40706,216.665
40707,216.665
40708,216.665
40709,216.665
40710,216.665
40711,216.665
40712,216.665
40713,216.665
40714,216.665
40715,216.665
40716,216.665
40717,216.665
40718,218.343
40719,218.343
40720,218.343
40721,218.343
40722,218.343
40723,218.343
40724,218.343
40725,218.343
40726,218.343
40727,218.343
40728,218.343
40729,218.343
40730,218.343
40731,218.343
40732,218.343
40733,218.343
40734,218.343
40735,218.343
40736,218.343
40737,218.343
40738,218.343
40739,216.989
40740,216.989
40741,216.989
40742,216.989
40743,216.989
40744,216.989
40745,216.989
40746,216.989
40747,216.989
40748,216.989
40749,216.989
40750,216.989
40751,216.989
40752,216.989
40753,216.989
40754,216.989
40755,216.989
40756,216.989
40757,216.989
40758,217.32
40759,217.32
40760,217.32
40761,217.32
40762,217.32
40763,217.32
40764,217.32
40765,217.32
40766,217.32
40767,217.32
40768,217.32
40769,217.32
40770,217.32
40771,217.32
40772,217.32
40773,217.32
40774,217.32
40775,217.32
40776,217.32
40777,217.32
40778,216.665
40779,216.665
40780,216.665
40781,216.665
40782,216.665
40783,216.665
40784,216.665
40785,216.665
40786,216.665
40787,216.665
40788,216.665
40789,216.665
40790,216.665
40791,216.665
40792,216.665
40793,216.665
40794,216.665
40795,216.665
40796,216.665
40797,216.665
40798,216.665
40799,216.665
40800,214.988
40801,214.988
40802,214.988
40803,214.988
40804,214.988
40805,214.988
40806,214.988
40807,214.988
40808,214.988
40809,214.988
40810,214.988
40811,214.988
40812,214.988
40813,214.988
40814,214.988
40815,214.988
40816,214.988
40817,214.988
40818,214.179
40819,214.179
40820,214.179
40821,214.179
40822,214.179
40823,214.179
40824,214.179
40825,214.179
40826,214.179
40827,214.179
40828,214.179
40829,214.179
40830,214.179
40831,214.179
40832,214.179
40833,214.179
40834,214.179
40835,214.179
40836,214.179
40837,214.179
40838,214.179
40839,211.956
40840,211.956
40841,211.956
40842,211.956
40843,211.956
40844,211.956
40845,211.956
40846,211.956
40847,211.956
40848,211.956
40849,211.956
40850,211.956
40851,211.956
40852,211.956
40853,211.956
40854,211.956
40855,211.956
40856,211.956
40857,211.956
40858,213.31
40859,213.31
40860,213.31
40861,213.31
40862,213.31
40863,213.31
40864,213.31
40865,213.31
40866,213.31
40867,213.31
40868,213.31
40869,213.31
40870,213.31
40871,213.31
40872,213.31
40873,213.31
40874,213.31
40875,213.31
40876,213.31
40877,213.31
40878,214.988
40879,214.988
40880,214.988
40881,214.988
40882,214.988
40883,214.988
40884,214.988
40885,214.988
40886,214.988
40887,214.988
40888,214.988
40889,214.988
40890,214.988
40891,214.988
40892,214.988
40893,214.988
40894,214.988
40895,214.988
40896,214.988
40897,214.988
40898,214.988
40899,214.988
40900,213.633
40901,213.633
40902,213.633
40903,213.633
40904,213.633
40905,213.633
40906,213.633
40907,213.633
40908,213.633
40909,213.633
40910,213.633
40911,213.633
40912,213.633
40913,213.633
40914,213.633
40915,213.633
40916,213.633
40917,213.633
40918,218.02
40919,218.02
40920,218.02
40921,218.02
40922,218.02
40923,218.02
40924,218.02
40925,218.02
40926,218.02
40927,218.02
40928,218.02
40929,218.02
40930,218.02
40931,218.02
40932,218.02
40933,218.02
40934,218.02
40935,218.02
40936,218.02
40937,218.02
40938,218.02
40939,218.997
40940,218.997
40941,218.997
40942,218.997
40943,218.997
40944,218.997
40945,218.997
40946,218.997
40947,218.997
40948,218.997
40949,218.997
40950,218.997
40951,218.997
40952,218.997
40953,218.997
40954,218.997
40955,218.997
40956,218.997
40957,218.997
40958,218.997
40959,218.997
40960,218.997
40961,218.997
40962,218.997
40963,218.997
40964,218.997
40965,218.997
40966,218.997
40967,218.997
40968,218.997
40969,218.997
40970,218.997
40971,218.997
40972,218.997
40973,218.997
40974,218.997
40975,218.997
40976,218.997
40977,218.997
40978,218.997
40979,218.343
40980,218.343
40981,218.343
40982,218.343
40983,218.343
40984,218.343
40985,218.343
40986,218.343
40987,218.343
40988,218.343
40989,218.343
40990,218.343
40991,218.343
40992,218.343
40993,218.343
40994,218.343
40995,218.343
40996,218.343
40997,218.343
40998,218.343
40999,218.343
41000,218.343
41001,216.989
41002,216.989
41003,216.989
41004,216.989
41005,216.989
41006,216.989
41007,216.989
41008,216.989
41009,216.989
41010,216.989
41011,216.989
41012,216.989
41013,216.989
41014,216.989
41015,216.989
41016,216.989
41017,216.989
41018,216.019
41019,216.019
41020,216.019
41021,216.019
41022,216.019
41023,216.019
41024,216.019
41025,216.019
41026,216.019
41027,216.019
41028,216.019
41029,216.019
41030,216.019
41031,216.019
41032,216.019
41033,216.019
41034,216.019
41035,216.019
41036,216.019
41037,216.019
41038,216.019
41039,216.019
41040,216.019
41041,216.019
41042,216.019
41043,216.019
41044,216.019
41045,216.019
41046,216.019
41047,216.019
41048,216.019
41049,216.019
41050,216.019
41051,216.019
41052,216.019
41053,216.019
41054,216.019
41055,216.019
41056,216.019
41057,216.019
41058,215.311
41059,215.311
41060,215.311
41061,215.311
41062,215.311
41063,215.311
41064,215.311
41065,215.311
41066,215.311
41067,215.311
41068,215.311
41069,215.311
41070,215.311
41071,215.311
41072,215.311
41073,215.311
41074,215.311
41075,215.311
41076,215.311
41077,215.311
41078,216.342
41079,216.342
41080,216.342
41081,216.342
41082,216.342
41083,216.342
41084,216.342
41085,216.342
41086,216.342
41087,216.342
41088,216.342
41089,216.342
41090,216.342
41091,216.342
41092,216.342
41093,216.342
41094,216.342
41095,216.342
41096,216.342
41097,216.342
41098,216.342
41099,216.342
41100,215.311
41101,215.311
41102,215.311
41103,215.311
41104,215.311
41105,215.311
41106,215.311
41107,215.311
41108,215.311
41109,215.311
41110,215.311
41111,215.311
41112,215.311
41113,215.311
41114,215.311
41115,215.311
41116,215.311
41117,215.311
41118,212.279
41119,212.279
41120,212.279
41121,212.279
41122,212.279
41123,212.279
41124,212.279
41125,212.279
41126,212.279
41127,212.279
41128,212.279
41129,212.279
41130,212.279
41131,212.279
41132,212.279
41133,212.279
41134,212.279
41135,212.279
41136,212.279
41137,212.279
41138,212.279
41139,211.301
41140,211.301
41141,211.301
41142,211.301
41143,211.301
41144,211.301
41145,211.301
41146,211.301
41147,211.301
41148,211.301
41149,211.301
41150,211.301
41151,211.301
41152,211.301
41153,211.301
41154,211.301
41155,211.301
41156,211.301
41157,211.301
41158,211.625
41159,211.625
41160,211.625
41161,211.625
41162,211.625
41163,211.625
41164,211.625
41165,211.625
41166,211.625
41167,211.625
41168,211.625
41169,211.625
41170,211.625
41171,211.625
41172,211.625
41173,211.625
41174,211.625
41175,211.625
41176,211.625
41177,211.625
41178,218.02
41179,218.02
41180,218.02
41181,218.02
41182,218.02
41183,218.02
41184,218.02
41185,218.02
41186,218.02
41187,218.02
41188,218.02
41189,218.02
41190,218.02
41191,218.02
41192,218.02
41193,218.02
41194,218.02
41195,218.02
41196,218.02
41197,218.02
41198,218.02
41199,218.02
41200,219.321
41201,219.321
41202,219.321
41203,219.321
41204,219.321
41205,219.321
41206,219.321
41207,219.321
41208,219.321
41209,219.321
41210,219.321
41211,219.321
41212,219.321
41213,219.321
41214,219.321
41215,219.321
41216,219.321
41217,219.321
41218,216.989
41219,216.989
41220,216.989
41221,216.989
41222,216.989
41223,216.989
41224,216.989
41225,216.989
41226,216.989
41227,216.989
41228,216.989
41229,216.989
41230,216.989
41231,216.989
41232,216.989
41233,216.989
41234,216.989
41235,216.989
41236,216.989
41237,216.989
41238,216.989
41239,216.665
41240,216.665
41241,216.665
41242,216.665
41243,216.665
41244,216.665
41245,216.665
41246,216.665
41247,216.665
41248,216.665
41249,216.665
41250,216.665
41251,216.665
41252,216.665
41253,216.665
41254,216.665
41255,216.665
41256,216.665
41257,216.665
41258,217.643
41259,217.643
41260,217.643
41261,217.643
41262,217.643
41263,217.643
41264,217.643
41265,217.643
41266,217.643
41267,217.643
41268,217.643
41269,217.643
41270,217.643
41271,217.643
41272,217.643
41273,217.643
41274,217.643
41275,217.643
41276,217.643
41277,217.643
41278,216.665
41279,216.665
41280,216.665
41281,216.665
41282,216.665
41283,216.665
41284,216.665
41285,216.665
41286,216.665
41287,216.665
41288,216.665
41289,216.665
41290,216.665
41291,216.665
41292,216.665
41293,216.665
41294,216.665
41295,216.665
41296,216.665
41297,216.665
41298,216.665
41299,216.665
41300,215.311
41301,215.311
41302,215.311
41303,215.311
41304,215.311
41305,215.311
41306,215.311
41307,215.311
41308,215.311
41309,215.311
41310,215.311
41311,215.311
41312,215.311
41313,215.311
41314,215.311
41315,215.311
41316,215.311
41317,215.311
41318,215.634
41319,215.634
41320,215.634
41321,215.634
41322,215.634
41323,215.634
41324,215.634
41325,215.634
41326,215.634
41327,215.634
41328,215.634
41329,215.634
41330,215.634
41331,215.634
41332,215.634
41333,215.634
41334,215.634
41335,215.634
41336,215.634
41337,215.634
41338,215.634
41339,212.979
41340,212.979
41341,212.979
41342,212.979
41343,212.979
41344,212.979
41345,212.979
41346,212.979
41347,212.979
41348,212.979
41349,212.979
41350,212.979
41351,212.979
41352,212.979
41353,212.979
41354,212.979
41355,212.979
41356,212.979
41357,212.979
41358,212.279
41359,212.279
41360,212.279
41361,212.279
41362,212.279
41363,212.279
41364,212.279
41365,212.279
41366,212.279
41367,212.279
41368,212.279
41369,212.279
41370,212.279
41371,212.279
41372,212.279
41373,212.279
41374,212.279
41375,212.279
41376,212.279
41377,212.279
41378,213.31
41379,213.31
41380,213.31
41381,213.31
41382,213.31
41383,213.31
41384,213.31
41385,213.31
41386,213.31
41387,213.31
41388,213.31
41389,213.31
41390,213.31
41391,213.31
41392,213.31
41393,213.31
41394,213.31
41395,213.31
41396,213.31
41397,213.31
41398,213.31
41399,213.31
41400,213.31
41401,213.31
41402,213.31
41403,213.31
41404,213.31
41405,213.31
41406,213.31
41407,213.31
41408,213.31
41409,213.31
41410,213.31
41411,213.31
41412,213.31
41413,213.31
41414,213.31
41415,213.31
41416,213.31
41417,213.31
41418,218.901
41419,218.901
41420,218.901
41421,218.901
41422,218.901
41423,218.901
41424,218.901
41425,218.901
41426,218.901
41427,218.901
41428,218.901
41429,218.901
41430,218.901
41431,218.901
41432,218.901
41433,218.901
41434,218.901
41435,218.901
41436,218.901
41437,218.901
41438,218.901
41439,218.674
41440,218.674
41441,218.674
41442,218.674
41443,218.674
41444,218.674
41445,218.674
41446,218.674
41447,218.674
41448,218.674
41449,218.674
41450,218.674
41451,218.674
41452,218.674
41453,218.674
41454,218.674
41455,218.674
41456,218.674
41457,218.674
41458,218.674
41459,217.643
41460,217.643
41461,217.643
41462,217.643
41463,217.643
41464,217.643
41465,217.643
41466,217.643
41467,217.643
41468,217.643
41469,217.643
41470,217.643
41471,217.643
41472,217.643
41473,217.643
41474,217.643
41475,217.643
41476,217.643
41477,217.643
41478,217.643
41479,217.643
41480,217.643
41481,217.643
41482,217.643
41483,217.643
41484,217.643
41485,217.643
41486,217.643
41487,217.643
41488,217.643
41489,217.643
41490,217.643
41491,217.643
41492,217.643
41493,217.643
41494,217.643
41495,217.643
41496,217.643
41497,217.643
