0,1,2,3,4,5,6,7,8,9
10,11,12,13,14,15,16,17,18,19
20,21,22,23,24,25,26,27,28,29
30,31,32,33,34,35,36,37,38,39
40,41,42,43,44,45,46,47,48,49
50,51,52,53,54,55,56,0,1,2
3,4,5,6,7,8,9,10,11,12
13,14,15,16,17,18,19,20,21,22
23,24,25,26,27,28,29,30,31,32
33,34,35,36,37,38,39,40,41,42
43,44,45,46,47,48,49,50,51,52
53,54,55,56,26,31,3,14,54,2
21,0,27,18,28,36,40,3,52,39
9,52,1,23,9,39,41,54,20,42
13,20,24,45,44,8,48,17,41,25
36,49,12,21,4,22,34,32,12,56
49,35,16,35,47,42,18,26,0,14
42,28,26,29,7,0,49,28,7,48
18,5,17,36,9,3,39,13,28,41
34,9,5,52,9,0,43,7,16,46
16,32,37,35,46,53,44,14,44,32
6,31,10,16,40,27,37,56,49,11
48,26,7,24,39,34,18,49,11,47
29,40,27,12,9,26,25,44,52,7
0,6,5,0,26,35,17,0,32,23
18,55,53,10,27,54,23,8,42,48
44,7,51,30,19,38,54,51,56,1
2,30,23,43,30,28,55,49,47,29
48,45,2,31,15,54,46,20,0,26
26,46,24,53,27,6,20,50,56,19
52,14,32,10,39,40,0,18,18,47
22,20,51,24,29,3,18,41,29,10
37,6,18,42,10,40,19,11,45,49
25,19,27,4,26,56,5,23,44,42
19,28,9,10,15,2,5,43,19,38
8,22,51,2,33,21,51,0,55,46
34,28,27,55,37,1,40,5,46,30
27,39,19,48,14,4,9,46,35,45
6,43,30,6,0,25,5,53,55,15
5,22,38,55,55,40,9,41,19,16
10,28,34,19,45,20,37,40,43,7
46,17,2,20,56,45,6,54,45,31
34,24,13,9,12,39,53,19,23,8
34,39,21,10,9,42,12,26,28,40
23,0,31,1,4,53,7,13,27,8
40,55,25,9,10,48,37,8,37,39
44,0,34,5,20,3,25,8,33,39
33,52,5,15,51,33,49,7,46,16
30,3,18,51,40,19,39,45,4,49
27,6,26,48,54,37,41,4,26,54
34,32,27,35,37,6,27,55,52,21
18,50,45,38,53,19,36,20,8,15
30,5,35,2,56,29,44,19,14,49
35,12,14,47,11,49,48,0,55,7
6,26,33,46,52,18,56,33,55,19
3,19,32,14,21,31,25,39,20,0
16,35,56,0,0,1,41,11,35,1
42,1,32,50,35,21,30,54,38,31
42,0,19,51,55,12,5,51,40,6
52,56,56,18,44,12,16,32,24,0
21,5,4,24,21,19,55,22,16,46
16,25,44,44,49,42,23,56,34,41
3,26,48,30,7,22,34,10,46,34
21,20,27,27,49,2,8,10,42,22
49,18,56,40,3,34,46,45,48,19
41,48,39,37,22,3,51,52,32,36
40,50,10,27,24,45,0,4,28,13
17,55,9,38,54,8,10,21,11,47
31,26,32,41,5,17,37,29,25,27
12,32,21,55,10,15,43,25,51,5
45,37,36,11,30,32,16,6,36,13
21,50,7,2,29,8,10,36,33,48
29,17,12,32,42,22,5,16,0,12
31,3,52,19,2,18,39,45,56,41
47,3,15,50,29,27,54,17,12,16
31,1,43,52,39,0,36,56,23,54
54,20,54,3,36,5,23,54,55,24
36,28,26,37,44,32,37,36,25,41
51,24,30,13,24,32,33,24,48,38
49,3,9,3,21,23,49,13,0,33
25,49,12,5,28,52,34,31,41,48
48,5,15,1,45,35,31,38,38,10
27,15,30,42,52,46,13,39,2,5
9,55,55,49,50,12,55,7,34,12
8,32,42,15,4,56,41,51,26,55
12,31,27,23,53,56,12,21,43,9
45,20,16,32,53,47,32,36,20,31
0,22,23,38,42,26,33,56,2,23
45,49,9,1,32,29,45,27,11,43
35,22,37,38,46,47,53,11,43,12
23,9,28,48,30,45,40,24,0,41
38,51,19,56,7,2,40,55,27,7
52,41,44,29,7,24,6,12,3,50
19,26,0,29,55,12,14,1,40,52
13,31,15,33,36,38,8,50,19,2
35,22,46,33,24,48,56,21,34,2
50,10,50,53,13,41,11,21,51,41
55,8,46,27,7,3,25,0,47,42
6,45,13,40,19,10,29,39,55,48
33,22,7,49,15,27,44,50,55,30
18,47,45,32,36,5,35,42,17,35
38,44,39,25,41,53,20,18,41,50
41,42,37,21,50,35,13,26,1,37
33,15,23,40,18,0,10,24,12,48
5,11,45,0,22,55,20,54,25,53
0,9,29,15,3,42,12,14,27,26
11,38,16,47,17,33,44,14,30,15
36,31,15,10,37,31,31,36,45,26
4,50,47,19,30,43,3,2,7,16
31,9,40,20,47,49,3,34,20,25
5,1,20,18,39,22,23,30,47,32
37,19,20,34,50,29,1,17,35,56
3,55,52,0,33,27,43,14,43,42
9,17,44,27,52,26,0,10,29,19
56,6,56,37,49,48,36,55,9,15
23,6,46,56,39,39,41,31,3,56
45,53,2,19,33,19,1,20,29,9
37,34,52,37,5,25,17,21,15,13
14,47,45,24,17,44,45,31,16,51
54,44,27,16,49,46,51,11,8,15
20,21,16,5,50,42,17,6,17,39
20,21,14,32,10,46,12,33,1,44
6,3,42,42,47,9,24,7,18,17
16,36,35,39,21,49,1,43,55,23
41,50,27,17,26,11,6,7,3,39
54,17,20,48,8,4,49,9,15,15
25,14,44,15,40,43,22,46,13,27
27,7,25,11,9,35,17,24,5,4
20,35,30,43,15,2,56,51,29,47
17,42,37,51,41,41,53,43,25,39
36,47,42,7,41,31,29,49,48,23
45,12,55,28,31,9,2,56,56,14
33,14,35,56,41,42,6,39,20,52
35,49,42,0,23,44,32,6,15,4
42,36,41,7,22,32,8,0,9,13
28,50,2,22,23,43,26,21,50,49
7,19,30,15,41,28,6,40,50,12
34,47,24,32,23,54,50,41,15,12
34,17,0,34,26,29,3,45,52,46
51,2,26,6,52,11,19,35,11,22
24,17,6,6,6,38,46,39,49,10
24,31,19,36,47,27,10,29,28,46
34,51,35,24,56,53,17,22,24,28
18,46,26,4,51,13,47,22,16,16
30,54,41,10,24,40,26,20,4,1
18,11,5,39,50,0,12,48,34,27
35,44,4,43,16,46,20,42,12,32
14,45,2,47,47,30,28,50,3,11
13,35,8,4,30,42,47,6,50,36
29,1,10,7,50,21,53,12,9,5
31,11,42,34,47,42,50,8,34,51
22,9,0,44,28,43,36,29,9,18
21,47,15,38,53,47,34,1,11,55
26,13,15,36,41,16,46,36,17,41
9,39,44,17,12,19,30,26,4,49
14,29,24,44,0,32,4,30,7,13
44,30,14,53,6,38,39,32,30,46
36,2,40,9,1,9,39,45,30,27
0,17,51,2,43,40,19,0,34,2
25,30,8,32,41,36,2,33,1,45
10,48,12,29,44,9,4,27,10,29
47,28,11,9,26,36,41,27,38,6
11,45,56,42,51,5,14,22,5,13
29,17,23,30,51,23,37,23,29,21
22,46,6,14,21,34,21,51,5,4
39,10,19,24,3,35,19,45,45,45
56,2,36,9,42,4,39,41,42,48
25,50,3,12,18,50,38,17,16,4
45,1,26,6,53,29,9,27,30,47
29,47,49,52,40,7,36,18,42,17
5,4,32,43,23,14,6,23,53,13
51,49,46,47,13,42,0,14,48,8
52,2,1,46,32,22,31,0,42,10
7,36,55,26,50,56,8,45,20,32
11,39,24,4,26,14,46,10,24,12
26,38,51,16,29,53,33,3,55,32
39,29,10,39,22,0,53,51,38,44
0,30,50,37,22,35,8,21,50,42
33,48,32,41,32,22,7,20,34,3
52,54,39,39,49,6,14,54,40,36
19,48,2,35,32,12,45,52,39,1
40,10,1,3,37,18,8,55,5,27
32,44,15,47,20,46,19,52,55,0
3,37,31,9,46,30,20,35,13,48
35,31,30,7,41,38,42,26,46,3
28,51,4,23,9,49,12,24,18,37
45,1,49,55,53,27,48,15,34,13
17,44,17,55,22,49,36,19,35,8
11,21,31,6,15,42,47,47,15,40
9,28,44,17,14,36,27,19,9,24
7,46,37,4,32,28,49,43,34,32
25,48,43,46,34,8,42,36,48,11
27,17,40,48,10,29,41,1,0,12
14,48,21,15,22,14,41,7,38,12
36,53,35,38,29,42,48,8,38,30
44,46,21,25,32,8,50,4,11,18
22,31,1,9,1,32,16,34,39,50
15,19,39,44,42,15,26,11,18,4
12,36,41,32,29,11,43,19,31,20
28,22,18,52,49,49,42,26,39,47
27,3,6,22,35,53,15,9,50,18
36,21,48,27,17,26,33,26,0,53
46,42,6,1,35,14,18,24,2,9
34,5,20,4,37,50,45,2,23,24
19,7,51,35,25,10,9,25,14,54
40,14,28,29,37,13,32,45,43,47
50,38,28,28,32,49,20,18,5,47
10,47,27,8,16,55,21,24,51,25
26,45,51,24,7,3,4,10,50,1
11,35,4,4,9,19,31,26,12,49
53,12,10,35,22,44,8,15,36,18
3,25,47,7,4,39,25,2,26,24
18,54,54,37,49,24,9,13,26,27
42,42,26,53,21,34,37,24,37,26
33,32,10,14,50,43,35,54,49,2
37,16,50,44,23,13,20,4,24,48
25,42,12,22,23,30,35,24,8,20
39,35,52,8,50,33,39,28,35,55
13,46,31,41,1,16,11,4,23,36
34,48,46,25,8,52,20,32,4,19
28,15,9,4,17,53,8,52,40,5
54,21,48,47,28,32,18,42,14,48
9,22,39,41,22,45,55,1,24,35
6,50,2,35,49,26,10,9,30,3
54,50,52,5,3,53,42,4,4,30
34,55,17,56,3,56,17,24,35,14
50,15,2,39,44,7,16,51,0,37
50,25,14,49,38,16,53,39,13,49
16,17,50,52,5,28,55,46,41,27
41,48,22,22,25,24,21,55,12,39
48,34,49,0,8,52,7,51,19,53
5,25,43,13,53,38,36,7,39,51
50,53,9,34,15,52,29,34,48,16
55,41,30,23,50,34,15,24,49,25
3,35,34,36,25,12,41,45,13,31
24,44,32,30,51,29,41,44,37,19
48,6,39,9,36,24,9,21,5,7
21,2,38,9,34,8,2,38,45,11
27,33,40,41,51,30,33,24,10,1
11,39,23,42,47,14,34,47,45,37
13,2,46,36,5,1,3,20,41,52
39,26,15,11,8,30,20,37,38,33
45,51,23,10,3,1,30,6,38,46
45,56,11,18,25,22,19,2,31,17
24,23,53,17,52,42,53,17,1,31
34,41,44,29,14,46,8,51,56,38
44,0,40,42,13,0,9,44,31,45
41,50,31,15,47,12,40,25,38,36
9,12,9,18,6,13,39,53,54,38
48,51,40,46,4,36,26,1,56,3
52,7,17,26,0,32,38,51,47,54
19,42,43,50,42,12,11,14,24,25
8,26,45,45,54,1,35,42,14,21
22,7,52,25,51,6,34,6,7,15
41,54,18,32,1,46,40,14,9,35
52,31,40,25,45,17,28,5,18,33
53,51,51,39,42,49,15,39,43,49
54,6,24,32,34,14,33,8,30,34
51,45,34,9,11,2,10,10,11,3
19,17,20,22,19,49,46,40,48,41
54,46,3,15,30,51,0,1,46,8
31,51,13,44,26,30,49,50,7,9
38,3,6,15,29,15,35,0,54,48
42,2,15,10,34,22,30,38,23,48
21,34,26,27,9,32,43,7,22,22
8,17,12,41,56,50,17,18,54,38
40,44,25,26,7,25,56,33,10,11
33,32,41,0,46,36,28,45,27,54
36,40,38,21,22,22,50,47,42,51
48,33,44,25,40,22,12,42,50,29
35,44,48,45,54,8,2,12,33,56
43,20,40,35,52,46,51,51,7,35
26,31,6,52,55,1,17,37,15,43
40,0,44,30,24,54,11,47,42,10
19,39,52,50,29,17,29,46,36,4
51,0,53,51,46,56,12,55,48,12
22,51,2,8,16,45,4,15,36,50
34,41,2,4,55,6,14,40,35,52
7,17,19,15,10,38,53,11,56,44
0,23,9,52,48,33,54,28,29,16
23,45,4,18,40,22,8,8,36,15
35,36,2,13,6,10,7,33,37,14
30,21,22,44,28,8,22,33,47,25
29,5,29,46,21,34,32,4,5,48
48,10,42,56,17,9,27,30,3,15
40,3,17,16,46,45,21,52,47,15
53,27,41,42,47,38,42,39,24,36
33,0,33,24,6,35,3,29,33,12
55,40,37,53,24,21,44,54,43,48
40,17,14,13,49,39,44,12,22,54
19,13,31,20,40,56,40,29,16,46
37,41,22,10,22,15,8,34,28,40
9,13,12,33,22,31,23,52,42,14
9,1,32,22,36,49,46,11,11,38
21,49,56,1,44,24,14,48,34,28
52,42,43,5,22,6,45,33,27,27
5,39,33,23,15,21,55,6,28,2
49,30,41,35,26,32,12,26,39,17
54,18,25,5,55,5,18,0,35,32
8,38,47,49,14,13,32,0,37,30
37,46,16,31,22,36,20,1,20,36
31,54,43,46,44,41,26,27,20,17
49,46,33,27,46,28,40,14,19,21
6,48,56,50,6,3,13,36,21,8
50,45,21,10,42,0,40,51,0,9
49,21,48,14,53,46,28,25,5,10
27,13,47,16,51,33,8,43,45,16
16,4,30,11,36,23,33,42,50,1
43,36,34,28,20,12,41,56,6,23
7,13,42,13,8,2,41,42,30,48
9,20,35,45,16,54,11,28,51,56
54,53,5,8,30,1,38,5,56,4
24,28,16,18,44,37,25,41,55,18
42,29,3,31,14,9,53,40,56,34
14,28,17,32,6,37,17,37,43,6
14,13,30,54,35,32,4,42,6,9
20,5,31,44,19,45,21,12,46,22
43,15,50,40,56,56,56,53,25,7
42,35,22,46,53,6,49,17,44,38
46,30,44,23,27,17,51,49,54,54
14,15,49,41,12,19,45,54,14,20
49,23,29,5,18,10,13,35,5,9
29,4,5,35,28,32,42,33,43,5
46,24,54,31,56,5,2,20,44,38
25,38,53,41,38,12,6,40,4,2
21,36,7,9,46,49,51,12,16,7
56,35,12,9,56,9,1,24,55,14
45,45,12,41,56,54,14,40,3,46
46,43,5,11,46,23,29,17,0,33
29,56,5,3,28,27,41,32,2,3
8,42,7,56,47,1,3,41,53,24
37,54,40,20,5,0,14,44,36,15
37,6,21,5,26,55,2,55,15,48
23,2,33,39,49,28,2,7,27,11
4,56,48,27,16,23,22,33,54,9
54,34,34,26,28,29,54,0,5,1
9,40,33,22,3,36,23,3,19,27
37,7,13,52,35,39,52,0,0,33
4,15,4,53,47,4,1,25,49,53
17,46,49,28,54,23,35,34,37,30
19,11,44,31,40,53,15,43,32,49
1,11,55,8,7,17,7,43,44,49
25,6,30,44,45,12,39,27,32,1
2,16,23,30,25,46,14,11,36,31
28,49,21,38,7,1,22,43,56,50
47,21,14,14,23,5,42,0,44,4
40,1,12,0,55,13,33,5,47,17
56,31,34,49,30,27,55,13,7,9
56,19,46,16,25,46,3,19,1,28
25,24,30,28,19,50,22,14,3,17
40,46,22,36,42,43,6,8,21,2
24,38,2,50,47,45,26,54,25,46
42,2,14,28,36,46,35,2,54,14
22,38,13,28,29,25,40,55,10,45
16,44,12,45,54,45,24,16,3,46
27,2,51,19,22,18,37,28,35,38
52,14,1,19,27,16,1,11,16,52
41,21,35,35,26,20,16,38,6,36
42,27,42,22,42,33,45,26,52,30
7,53,24,4,36,5,21,45,19,45
55,25,16,20,54,35,35,51,36,2
44,29,23,34,25,18,34,14,8,35
35,44,41,5,0,3,12,21,40,6
4,35,42,33,12,49,5,56,27,31
53,47,34,48,21,29,39,49,9,0
39,21,44,5,23,5,23,1,11,3
4,32,55,11,19,5,7,37,51,44
42,50,11,39,56,53,3,19,9,10
15,6,34,24,34,14,34,14,9,24
2,42,33,39,24,41,56,48,7,36
24,11,32,35,35,52,54,13,39,48
7,33,38,7,49,1,4,46,25,18
40,31,46,42,23,27,41,43,32,18
2,22,22,20,18,33,15,41,0,50
7,47,41,56,40,25,36,11,6,15
1,35,40,15,15,45,42,24,11,56
5,0,42,47,41,33,4,41,23,49
16,37,53,42,22,27,25,5,32,34
51,41,54,4,38,34,30,13,14,39
40,45,39,2,36,52,0,7,19,22
9,46,36,14,43,18,34,22,50,48
40,54,36,18,22,25,42,24,1,19
39,41,22,49,42,49,10,15,0,20
24,12,17,10,51,36,6,39,15,11
11,31,10,16,31,24,43,27,45,43
34,56,23,34,53,55,33,33,44,47
22,6,56,29,6,27,7,17,5,25
53,0,48,3,3,43,7,23,35,56
28,51,32,11,7,26,32,8,25,32
35,27,10,42,36,25,0,8,6,9
12,22,35,24,50,50,15,46,55,27
2,47,17,46,8,49,51,23,31,14
4,36,21,27,20,54,50,55,25,44
35,39,40,17,51,41,19,10,18,24
49,5,40,24,40,15,13,34,40,13
28,16,37,44,15,30,51,44,4,14
8,3,50,40,9,41,8,14,33,24
42,52,5,28,9,20,54,37,50,21
5,10,3,18,39,36,55,54,40,30
38,27,51,46,1,52,32,29,0,7
52,11,38,21,5,5,29,26,8,14
37,54,43,39,6,26,0,5,16,2
12,50,27,21,37,22,37,43,10,52
24,30,26,4,25,53,28,38,27,46
51,37,5,1,24,51,49,10,5,29
8,52,55,36,35,27,43,28,49,24
2,6,30,6,1,22,23,18,20,27
2,5,48,30,13,2,4,23,46,10
40,3,35,8,23,14,39,4,27,23
7,3,46,28,53,41,16,8,46,10
39,8,38,12,20,5,39,17,52,27
49,23,34,7,40,16,2,31,27,11
1,50,22,42,18,8,41,36,16,42
7,42,37,10,40,24,2,30,40,25
14,0,56,18,50,5,7,50,11,28
46,19,12,35,44,34,55,38,25,34
2,43,56,19,49,51,23,7,21,55
34,35,2,3,36,33,15,19,29,6
34,16,42,38,56,24,20,15,29,52
33,53,34,54,6,38,23,29,37,32
39,34,7,25,47,20,20,20,10,33
34,19,42,32,8,49,50,45,40,4
54,14,17,47,34,15,46,31,22,31
30,27,50,9,16,48,11,19,10,21
29,53,37,46,34,42,44,3,2,49
29,15,9,6,51,46,28,15,45,29
38,39,33,7,52,42,0,25,20,36
40,36,14,3,40,28,46,22,51,19
7,55,39,8,1,17,19,3,23,44
31,43,38,8,20,29,2,2,1,38
44,29,48,48,20,22,51,47,32,34
28,45,15,41,28,20,26,16,2,1
34,7,14,17,48,21,23,3,6,50
35,49,32,44,18,0,42,52,30,10
1,22,10,24,21,6,18,56,21,29
10,51,36,37,15,47,49,16,44,34
41,22,32,37,22,56,37,16,44,29
34,2,53,21,0,38,9,54,11,54
1,44,23,50,49,6,0,12,35,25
44,18,47,27,51,36,35,54,21,51
56,38,4,26,21,16,3,12,38,17
35,20,4,38,6,18,23,13,23,15
49,16,34,45,47,52,46,27,14,24
18,29,10,31,22,8,11,32,23,7
42,0,7,48,15,35,5,54,13,48
18,30,30,19,21,36,4,53,46,41
41,0,13,1,32,54,4,49,9,36
44,13,35,50,51,0,44,48,8,0
53,32,7,32,40,15,9,32,2,31
37,16,11,3,21,41,21,34,31,5
44,28,54,3,55,29,52,43,9,11
13,52,36,39,53,51,1,52,11,16
2,9,54,37,27,46,2,34,32,43
21,10,45,31,27,43,29,47,30,38
10,56,39,15,5,5,23,9,51,11
42,22,51,10,9,43,17,33,47,31
15,3,24,19,41,52,31,16,13,43
38,14,1,9,45,13,50,20,0,16
41,53,51,4,21,1,1,6,8,18
2,25,26,48,16,24,3,27,15,1
48,25,54,56,39,44,46,24,51,24
29,22,42,42,52,29,40,5,14,53
50,53,27,30,29,18,50,33,47,56
7,47,51,7,2,50,43,16,14,15
36,36,13,15,43,15,9,23,51,48
30,15,36,45,23,14,54,21,34,28
13,22,9,0,28,32,14,18,28,32
40,21,52,13,29,15,14,36,3,16
28,39,27,4,55,29,35,54,10,49
32,24,27,27,40,46,38,46,9,41
6,36,2,45,41,44,39,18,47,23
8,33,27,36,42,43,1,10,34,43
53,56,13,9,54,14,17,3,5,31
16,3,22,47,15,20,14,33,47,7
11,19,47,50,7,44,3,30,12,32
45,8,30,32,36,55,1,4,11,51
41,10,7,13,10,2,35,49,31,39
25,17,17,19,22,28,17,40,5,34
45,35,20,12,5,52,3,24,8,3
30,37,42,30,12,6,7,28,42,9
1,20,24,22,10,11,7,9,41,48
19,31,45,14,0,56,8,19,27,27
38,27,13,10,27,51,25,13,37,10
6,18,54,3,25,6,27,34,47,55
21,54,53,52,12,39,53,30,7,56
27,35,26,35,51,10,3,51,46,6
33,41,36,45,25,12,5,0,55,26
6,0,29,46,31,5,37,17,44,52
9,39,35,29,38,32,36,35,32,7
54,7,9,55,42,31,18,14,27,4
35,12,17,54,53,46,3,24,19,41
26,17,4,33,49,46,48,50,52,38
50,37,14,23,14,50,43,53,14,11
36,42,22,45,9,12,21,26,15,50
8,45,48,22,28,34,20,46,4,0
36,13,29,14,10,30,1,17,20,23
41,56,43,56,39,40,25,4,20,20
45,50,6,51,19,30,21,22,52,11
26,9,39,7,43,54,16,4,19,4
24,14,21,32,3,30,14,48,51,0
42,39,46,45,51,39,42,39,12,42
8,55,29,20,56,45,16,11,24,2
31,5,28,32,13,22,26,7,51,53
35,20,33,23,19,28,49,18,12,7
48,8,8,45,50,7,43,41,36,18
32,14,31,51,31,9,45,47,2,0
29,36,34,25,11,21,36,42,45,20
11,14,12,30,48,22,41,24,7,36
34,20,7,19,45,28,9,44,25,48
23,20,34,31,17,42,49,47,22,2
29,7,22,51,33,45,8,19,10,7
34,5,29,20,27,45,45,1,19,40
53,19,0,3,32,50,38,10,23,36
15,48,49,39,48,21,40,45,37,7
17,46,48,32,36,51,27,20,6,31
52,50,41,55,1,14,39,17,0,49
27,37,47,45,44,50,42,11,28,18
3,34,36,30,45,18,56,24,2,3
0,40,16,40,30,23,25,2,1,29
27,17,15,1,11,3,12,10,49,45
2,25,30,50,22,36,13,22,37,7
32,46,13,18,0,23,35,4,37,10
25,5,23,28,35,42,32,7,53,48
28,2,38,48,2,55,16,43,15,1
10,25,51,26,10,41,11,0,38,49
48,32,6,3,31,13,54,46,27,14
53,3,27,47,40,37,42,8,12,46
55,21,44,37,2,21,48,55,49,32
6,28,27,5,6,55,47,22,56,55
26,36,23,8,17,3,51,9,17,28
42,3,53,33,27,22,16,36,14,30
20,16,25,42,11,12,13,17,33,34
19,9,52,13,56,1,6,25,26,5
18,43,49,22,28,2,33,4,29,38
0,40,4,15,35,43,6,0,56,30
17,53,54,5,9,42,47,32,50,37
1,35,10,46,44,45,52,29,1,27
25,9,47,39,29,16,50,2,42,49
11,9,31,24,48,6,7,39,20,37
9,19,50,49,36,2,11,32,25,56
16,33,13,43,18,13,0,52,27,41
3,43,41,18,11,17,16,13,27,51
33,39,19,52,52,15,30,2,31,35
40,7,12,11,41,56,42,49,39,49
33,15,29,31,18,45,53,13,34,7
32,17,5,37,16,33,38,54,49,8
30,13,6,8,44,37,10,28,28,44
0,26,21,0,7,18,32,18,19,50
51,17,14,17,49,12,47,30,19,20
52,7,42,52,7,9,39,5,44,28
23,49,40,19,6,0,40,21,10,34
52,16,9,17,38,12,37,1,6,39
35,51,38,44,49,54,10,47,21,18
46,29,26,16,20,30,45,54,6,19
27,55,55,47,54,12,37,52,26,53
48,32,34,41,23,31,14,19,30,12
47,29,17,15,19,25,15,29,34,40
55,51,46,55,21,52,41,19,45,11
38,2,8,52,15,3,39,35,22,26
1,20,49,49,26,46,6,36,8,42
34,35,52,52,39,29,43,7,51,56
33,35,14,31,7,51,36,46,34,15
27,45,39,11,12,56,28,54,49,9
51,27,3,43,52,22,31,27,30,5
11,2,4,26,41,22,32,38,30,11
22,1,44,3,0,40,30,4,1,32
26,48,37,1,11,22,17,12,27,29
33,27,35,49,17,24,13,23,6,33
16,8,3,46,9,3,32,23,35,10
14,14,45,26,52,31,39,50,3,18
38,22,56,7,56,19,48,17,46,36
42,17,37,23,22,23,4,15,39,31
47,6,2,46,16,4,49,34,53,3
6,29,10,16,32,4,45,44,52,18
40,25,3,1,38,1,8,16,14,3
34,14,46,33,5,56,22,55,36,17
47,52,51,55,36,44,4,43,19,51
29,4,36,36,22,37,51,14,48,55
49,56,32,50,24,7,21,48,24,23
31,4,52,41,13,9,11,41,11,23
26,22,7,50,7,2,1,0,50,31
56,21,18,20,53,39,45,7,51,4
34,29,2,32,11,24,30,50,34,42
15,25,8,41,15,13,44,39,51,28
24,32,40,29,9,5,1,4,0,31
35,14,0,17,7,41,54,20,47,11
55,44,39,22,3,31,16,11,1,43
4,9,35,35,19,56,7,53,54,50
43,8,14,40,34,54,44,25,12,25
13,31,13,36,35,4,10,12,17,9
28,35,44,23,22,6,6,31,26,33
52,38,19,15,25,22,18,40,14,37
38,25,35,17,19,10,7,42,15,23
19,30,27,55,35,26,40,33,51,45
44,33,47,50,4,9,18,31,53,6
23,55,24,12,46,13,12,30,30,1
17,27,52,33,33,23,3,8,47,51
15,33,48,28,39,52,21,12,36,1
1,12,30,22,40,45,22,2,17,46
39,2,40,13,17,32,6,22,19,13
11,51,38,42,9,39,41,31,30,41
8,27,38,47,45,2,24,22,39,12
48,8,3,35,18,53,6,13,45,16
44,6,35,50,17,5,2,53,32,21
29,48,52,6,9,35,11,39,18,54
41,26,6,41,3,43,2,22,50,22
50,1,12,18,12,4,40,26,28,28
42,32,40,44,25,13,53,32,3,56
53,3,24,14,35,53,33,14,47,44
11,10,31,45,44,29,39,31,12,9
5,37,11,16,20,28,12,47,7,48
21,17,5,42,27,27,34,24,43,30
20,40,11,40,9,12,37,28,23,5
35,1,26,52,55,36,6,24,48,25
34,56,25,29,1,19,25,24,23,46
19,18,45,27,3,28,37,2,55,17
40,41,14,32,11,36,51,26,42,5
48,37,42,32,49,21,15,38,6,25
15,53,38,6,19,25,43,40,35,53
32,44,17,56,36,32,46,32,1,2
26,9,23,35,14,39,29,4,27,47
0,55,36,39,56,12,46,30,53,26
48,33,54,56,16,8,31,31,14,36
34,46,16,26,7,30,29,53,2,19
10,15,37,19,7,26,44,43,12,17
46,55,0,3,50,50,6,46,32,37
3,40,19,17,8,31,34,8,36,47
0,2,52,44,50,20,23,11,25,28
12,28,49,42,56,50,14,9,35,1
12,28,11,7,54,30,9,42,34,4
34,44,11,51,4,51,34,14,37,21
30,0,46,42,6,6,38,0,26,28
10,45,33,50,45,25,30,14,54,28
1,21,16,3,47,50,46,46,0,2
44,39,1,48,47,46,33,7,40,23
40,10,51,40,38,54,44,28,16,29
55,55,35,55,12,55,43,41,12,50
20,31,18,36,17,50,40,26,56,44
8,25,46,46,25,16,20,55,9,42
25,33,47,35,31,14,20,37,12,44
51,46,28,12,42,21,35,26,21,47
14,15,34,15,55,47,56,46,15,53
12,28,13,2,10,18,42,21,50,31
52,36,52,48,31,28,0,32,33,25
14,55,42,0,22,3,17,30,0,17
6,40,17,4,11,47,27,31,4,36
42,46,43,29,10,48,5,6,50,18
45,44,56,46,20,52,5,36,46,5
1,52,46,31,0,48,46,21,42,12
33,3,51,15,6,39,16,34,16,47
39,1,42,24,1,6,13,14,27,51
26,12,15,41,52,31,24,54,19,8
12,34,30,42,38,17,40,53,37,39
2,55,44,11,31,20,55,38,47,49
47,7,54,24,0,1,41,41,14,15
35,37,30,45,33,1,38,24,1,3
23,30,24,3,19,42,6,17,34,50
4,53,12,49,53,42,46,12,41,53
35,25,43,38,48,6,8,36,11,49
26,40,46,49,5,36,1,9,43,51
44,31,1,39,3,35,1,11,37,21
6,44,2,32,12,17,2,37,44,51
48,3,53,34,53,13,17,29,48,38
47,33,28,54,21,29,34,37,36,24
37,35,35,5,29,17,15,38,14,34
42,23,9,23,37,14,39,42,56,43
24,5,5,46,53,51,14,31,15,45
30,37,44,50,8,54,49,47,28,30
43,22,40,3,51,52,21,8,12,15
38,30,18,33,9,0,0,52,32,5
49,3,24,46,32,7,35,8,53,29
9,0,11,41,38,19,6,29,2,4
20,5,54,36,21,5,27,26,56,56
49,55,17,51,8,47,4,30,10,19
29,11,45,6,6,52,24,26,52,31
53,39,45,6,48,19,48,10,8,50
3,32,16,44,4,35,12,47,51,4
33,22,5,52,1,34,45,11,46,7
14,32,44,27,0,34,42,12,33,4
48,19,0,28,41,53,9,38,19,49
12,51,33,41,24,17,48,10,6,20
34,10,4,2,54,19,26,32,45,23
33,21,39,39,55,41,48,51,28,18
25,11,55,51,2,12,53,13,35,22
53,20,16,26,1,35,41,25,41,51
21,37,36,18,41,5,11,26,36,9
43,51,21,39,51,53,23,11,46,44
16,36,28,51,2,10,28,2,26,24
26,46,11,27,54,5,34,48,41,47
13,49,1,39,49,15,26,3,36,10
47,39,31,14,11,8,48,12,52,18
48,32,46,2,22,34,3,20,52,56
32,33,41,36,30,10,29,53,38,41
0,11,48,56,23,12,33,54,25,8
19,0,21,35,36,32,29,22,31,29
50,47,8,36,3,48,21,37,39,20
48,10,50,8,47,42,5,18,9,54
7,11,14,30,45,21,4,20,15,8
53,10,9,47,12,7,30,4,35,24
17,15,2,16,45,8,54,47,53,32
2,54,47,50,34,19,5,22,35,51
42,50,53,0,26,33,39,39,15,49
0,30,8,3,14,2,38,50,7,46
21,14,31,29,55,44,37,22,13,18
36,11,25,16,12,9,0,38,27,23
30,16,44,4,46,16,9,34,53,30
46,36,49,14,56,0,56,12,50,10
9,56,41,2,14,48,24,13,10,52
12,30,8,31,47,31,48,39,10,22
24,5,25,33,15,54,55,45,5,10
17,46,15,2,55,7,21,8,13,38
13,17,50,2,25,53,46,9,25,48
45,4,7,37,35,37,53,39,3,45
19,47,55,53,26,21,49,36,34,28
10,21,19,38,46,46,36,31,13,39
41,16,24,36,34,23,14,43,18,17
53,7,20,43,32,4,51,12,4,41
5,4,39,18,9,34,38,28,21,54
23,23,41,34,0,26,55,54,8,42
18,25,31,6,20,1,50,25,36,9
6,56,5,17,7,31,46,37,19,46
39,54,34,7,30,55,43,34,27,4
3,9,39,11,44,7,25,16,54,31
50,32,27,19,14,39,30,14,6,53
55,28,15,32,14,9,31,22,53,48
20,27,33,7,42,13,22,20,19,5
20,46,36,2,44,47,0,27,45,0
30,42,49,14,42,55,22,55,35,54
8,50,41,37,55,31,26,53,12,27
34,12,22,53,14,54,50,54,34,11
3,6,6,42,44,31,47,13,55,3
17,12,36,36,48,37,11,51,20,54
25,36,18,42,1,25,35,26,18,13
23,45,13,15,49,25,31,27,39,9
10,1,19,11,56,53,39,16,30,47
47,56,56,6,7,29,22,4,33,37
33,6,23,2,25,8,40,29,37,7
8,3,13,48,7,47,33,19,42,42
46,0,26,8,0,46,30,43,39,25
4,32,0,31,16,23,23,14,47,44
42,30,6,5,18,53,5,40,52,56
25,14,24,11,28,13,29,24,4,53
21,40,16,25,15,5,24,5,13,2
27,40,42,55,49,28,53,48,52,46
6,41,21,27,34,2,3,55,6,11
31,27,35,29,13,55,9,42,45,2
46,15,40,19,12,46,7,37,24,50
35,15,41,16,36,28,39,46,22,34
0,44,9,47,50,52,36,33,2,56
50,21,12,4,18,32,12,34,55,28
12,21,39,48,22,22,49,39,47,41
47,29,54,24,37,34,7,19,54,32
10,40,31,46,9,14,49,53,4,16
22,48,1,36,32,9,39,53,39,6
41,26,31,27,2,10,24,24,51,46
51,2,40,18,45,47,16,40,32,56
51,29,54,29,23,32,55,53,55,18
5,12,10,11,23,30,56,25,15,14
8,50,55,15,38,28,19,46,37,47
28,9,55,24,8,15,2,17,50,32
43,0,38,12,30,24,19,14,5,38
16,18,42,45,24,1,8,28,47,21
7,9,37,7,47,21,30,6,27,50
18,55,17,49,28,31,15,46,8,4
48,43,5,36,10,0,24,32,14,3
4,15,18,44,35,45,22,15,44,44
18,7,41,31,7,19,0,38,7,12
41,54,14,48,56,45,28,53,39,45
10,21,56,54,51,41,55,51,23,12
45,50,44,2,38,25,2,5,41,51
49,44,26,52,24,21,19,32,46,39
51,54,7,32,5,32,25,36,5,10
32,20,31,1,1,39,11,9,10,18
50,38,37,8,53,48,7,32,16,15
41,31,22,39,5,40,14,50,45,13
48,13,49,55,53,22,23,42,17,25
29,32,13,52,3,37,4,50,23,50
48,9,23,41,27,29,56,9,22,56
0,14,0,38,26,38,39,3,10,31
28,24,32,53,51,55,3,13,2,45
37,40,55,4,2,22,35,48,1,18
35,47,3,19,27,37,47,21,15,37
52,17,16,31,43,46,44,3,55,15
25,33,52,34,10,34,53,4,50,23
13,40,24,26,1,34,15,19,42,56
36,39,36,53,49,2,36,40,45,12
48,12,38,17,26,18,43,33,41,35
1,12,8,38,48,18,26,32,39,32
45,11,16,27,22,38,38,48,10,33
28,15,34,15,9,24,48,20,51,37
10,41,39,4,6,44,22,41,25,38
33,22,45,25,45,48,18,6,56,33
14,22,54,52,45,43,39,44,2,8
41,31,25,40,19,3,1,43,3,19
0,8,13,9,43,1,3,20,43,21
28,36,4,56,14,12,27,1,29,12
22,32,0,41,38,4,33,55,5,56
18,21,28,1,27,25,35,22,29,3
38,9,18,37,34,34,44,44,11,20
45,39,46,31,27,40,19,7,42,9
20,9,54,10,42,5,50,30,42,19
25,40,38,48,40,31,56,55,33,25
12,15,32,38,1,2,54,30,32,43
21,38,2,35,6,28,42,31,19,38
34,50,36,56,23,23,0,41,16,49
55,20,48,36,1,38,9,2,31,44
21,50,22,45,11,21,3,45,49,4
24,41,26,4,0,52,16,54,26,44
37,51,47,26,37,30,28,51,0,47
35,42,30,37,49,48,0,26,3,8
43,2,43,40,4,30,27,48,43,40
47,19,10,41,23,27,0,33,48,49
35,42,10,32,46,10,26,46,30,54
2,36,49,7,10,46,40,54,14,55
31,40,4,25,16,19,39,50,49,39
24,12,12,51,28,1,51,2,54,39
6,18,14,10,20,18,6,42,0,15
53,55,48,56,7,11,27,37,35,33
52,2,28,55,31,10,51,3,50,20
51,45,37,5,20,14,9,52,45,56
13,18,29,51,43,13,27,14,12,31
46,15,5,46,31,13,25,14,39,19
13,16,34,6,54,13,14,12,11,56
36,55,1,19,5,51,7,52,37,29
35,4,9,25,13,28,28,10,39,0
15,43,22,41,6,42,51,38,9,33
36,23,36,31,21,47,33,43,2,45
24,36,35,35,38,55,28,15,56,38
50,11,2,18,37,6,4,24,41,4
44,10,35,16,43,47,15,17,17,24
27,32,53,34,4,9,27,41,9,48
27,53,49,48,35,48,23,34,21,17
27,52,25,18,22,37,52,35,16,43
10,43,36,29,38,5,44,2,48,12
11,54,39,28,40,32,12,38,31,51
4,42,53,51,3,4,21,35,28,37
40,16,49,35,2,22,40,7,0,17
42,22,35,32,18,56,12,18,4,30
24,11,33,11,44,3,38,28,25,32
29,23,45,25,55,12,45,19,11,0
54,29,34,0,56,22,43,24,16,14
33,14,23,25,43,21,56,18,33,56
47,31,8,9,24,31,12,37,22,33
18,47,21,44,56,24,20,32,35,30
38,29,30,21,18,54,20,22,32,8
48,48,38,30,53,44,25,52,26,3
7,1,33,45,39,35,1,6,23,36
48,32,11,55,38,11,25,37,12,47
4,12,37,32,8,21,25,35,52,41
12,18,20,20,28,30,15,43,4,27
30,26,8,2,51,34,20,15,31,0
8,10,56,26,13,11,53,41,51,26
5,55,28,20,3,12,39,55,47,40
25,25,8,25,16,35,17,13,10,26
24,53,32,4,44,19,55,50,35,53
32,54,27,8,26,50,44,56,51,13
49,14,52,12,41,46,29,47,29,36
33,52,23,6,56,11,34,42,37,12
36,34,1,28,14,22,54,15,28,54
8,12,52,32,47,12,45,35,47,20
37,38,21,56,4,16,54,15,33,6
9,2,54,42,10,26,53,48,33,3
18,53,16,53,51,0,33,22,46,32
41,19,31,31,10,16,17,19,33,46
5,55,16,45,13,44,21,28,49,54
25,44,10,31,54,53,3,38,44,26
53,18,19,15,9,7,39,25,29,36
55,8,19,35,37,46,10,25,47,46
50,5,40,9,14,16,27,34,13,13
55,4,54,30,14,53,26,42,30,10
28,7,45,24,31,39,46,26,56,36
11,53,20,41,5,23,56,39,34,32
49,15,28,10,38,34,13,39,33,15
23,47,16,13,40,13,53,11,35,36
38,6,34,42,32,29,49,11,7,48
34,6,56,45,35,46,27,44,34,50
28,16,11,4,23,25,32,20,10,1
23,47,28,52,43,14,48,18,3,51
26,4,1,5,30,8,42,48,3,6
55,1,32,9,54,33,17,54,46,40
12,5,5,51,47,37,55,30,49,49
9,14,20,26,22,33,11,31,50,8
8,5,49,37,0,40,50,24,16,19
29,43,41,56,25,2,1,10,12,40
36,9,30,6,21,6,15,15,36,35
52,18,50,3,33,49,43,35,32,50
6,34,40,13,38,56,21,2,25,9
15,36,48,16,46,33,47,19,17,2
55,25,1,30,40,31,37,3,5,43
42,17,0,5,53,7,35,14,18,16
38,19,38,27,45,18,24,49,56,37
29,1,9,45,28,27,54,53,46,28
16,7,52,45,50,36,19,35,17,40
56,55,14,46,14,22,9,37,3,14
9,42,12,38,12,42,37,5,20,54
6,39,30,4,0,49,7,30,3,12
3,38,14,27,38,0,18,17,12,7
50,48,1,25,4,27,46,16,7,18
40,54,7,53,54,52,34,45,25,56
40,30,29,1,31,52,20,11,16,6
44,39,23,26,3,40,2,29,37,14
0,25,2,42,32,51,43,45,48,49
33,41,5,29,44,36,12,5,8,40
47,53,8,24,45,56,44,56,29,5
17,5,11,14,22,17,33,45,2,21
53,11,39,53,23,8,23,4,10,50
25,20,50,55,46,31,9,24,7,36
24,46,35,24,28,25,44,37,11,45
49,37,15,3,35,34,51,35,25,41
10,33,37,55,9,25,31,21,37,34
17,44,47,6,25,36,10,35,40,16
38,3,3,9,15,1,4,19,53,8
31,52,22,2,11,44,8,31,32,30
4,52,5,15,46,6,5,9,13,20
25,8,20,45,47,27,3,42,26,46
13,0,40,50,20,1,2,13,47,16
56,33,48,18,15,46,26,38,29,35
35,30,13,30,50,0,34,42,8,17
23,8,12,9,1,46,35,53,28,32
26,4,50,22,1,37,54,23,17,17
42,1,9,27,10,42,12,7,46,8
56,23,10,8,48,5,30,47,12,31
25,30,49,0,5,36,30,33,13,11
29,45,33,20,15,56,8,19,22,41
36,19,55,6,14,38,45,32,12,5
17,15,47,32,16,51,55,15,48,41
48,5,13,37,14,7,8,13,42,37
30,34,37,45,55,11,16,39,43,53
0,48,22,23,19,39,54,43,12,25
27,3,56,0,14,49,7,24,7,22
8,17,30,29,50,47,9,42,4,42
48,6,25,53,54,48,30,52,55,24
55,25,43,46,25,45,27,38,48,8
41,27,9,46,40,18,9,21,0,4
32,26,13,0,13,47,0,20,52,5
36,36,31,26,14,10,20,8,7,3
33,44,34,10,47,43,37,34,21,47
40,20,7,15,24,35,34,43,26,7
5,44,13,24,2,9,1,32,17,11
7,52,21,23,55,56,40,24,54,25
6,15,22,28,55,7,43,48,52,38
53,9,49,27,30,49,28,41,39,38
10,52,17,33,41,44,19,54,22,19
31,49,14,20,18,44,13,13,14,23
21,9,32,24,26,9,21,29,31,31
55,26,39,42,45,52,27,48,37,35
34,53,35,38,38,25,6,56,4,10
1,50,27,32,48,27,9,1,47,43
47,9,49,56,37,49,41,43,35,47
11,39,9,4,5,43,7,39,13,28
38,23,11,34,26,16,55,21,41,40
3,8,28,36,55,17,50,29,10,52
31,8,33,44,37,9,37,49,41,3
11,22,16,2,24,10,56,8,49,44
44,42,4,7,8,17,22,48,24,27
16,56,37,30,17,23,21,27,47,54
53,19,32,33,52,26,35,10,26,50
25,32,8,49,17,14,53,5,5,12
44,42,45,3,38,43,54,51,37,24
52,2,44,3,53,7,25,35,13,22
1,28,17,51,6,41,23,26,3,10
8,41,12,22,6,44,1,15,29,48
56,27,5,33,5,53,23,44,14,41
33,46,29,19,13,52,17,40,43,15
34,38,55,9,55,36,51,31,13,1
5,34,6,42,44,25,49,10,14,2
18,3,27,49,23,22,13,6,44,36
0,49,44,34,37,13,56,7,7,0
53,35,6,6,52,16,36,51,24,11
9,37,43,36,0,53,3,50,55,44
50,13,4,17,21,15,21,50,8,9
3,16,12,52,2,38,11,0,15,9
16,28,9,29,44,4,10,41,24,46
34,37,8,22,8,11,8,23,26,53
53,36,38,51,20,18,9,53,31,31
32,41,27,22,14,12,13,39,31,28
22,49,38,29,21,53,44,22,0,34
8,25,11,46,42,48,11,14,20,35
49,31,55,46,33,36,38,18,3,6
43,24,1,2,7,8,11,32,2,4
32,31,43,8,53,32,14,40,16,46
3,56,37,13,45,30,21,20,7,28
32,31,51,37,8,29,41,1,50,30
37,42,52,25,38,16,46,27,21,28
55,1,32,20,42,43,42,38,29,0
42,55,23,24,40,2,38,21,2,41
25,32,49,27,50,9,32,2,49,48
14,20,29,40,27,45,51,45,45,30
19,22,33,1,25,39,44,1,51,26
42,31,8,11,52,21,37,20,29,29
55,44,49,19,40,31,45,2,26,16
49,3,33,22,15,34,52,8,36,45
51,52,9,16,1,35,46,47,56,52
52,24,0,40,26,45,52,0,37,45
28,14,1,46,4,50,24,31,41,2
11,51,16,32,6,46,43,34,11,46
16,22,21,28,54,6,56,44,41,13
1,55,12,42,11,39,53,50,28,37
6,9,8,3,1,29,38,27,46,1
35,12,53,32,18,0,28,36,45,7
32,13,10,31,2,0,26,26,14,25
22,17,15,34,32,27,51,44,8,22
24,50,5,51,36,5,50,19,8,49
32,11,47,25,55,33,2,22,12,22
39,14,2,46,37,20,2,42,50,42
17,34,3,27,40,24,41,6,24,4
17,48,1,43,42,31,12,43,4,39
16,40,43,8,33,15,56,12,50,53
20,36,26,30,10,11,13,45,24,23
7,47,18,29,8,55,8,25,32,15
36,48,43,4,55,43,36,8,1,49
18,51,53,23,5,56,4,7,0,31
8,54,37,0,1,25,2,36,13,55
6,52,40,36,8,26,52,18,56,10
13,15,10,36,49,29,53,39,45,35
56,15,37,46,51,54,24,53,4,4
22,46,15,40,9,23,50,44,50,54
10,37,46,18,35,51,28,14,42,29
45,26,27,29,53,39,41,45,25,50
15,9,23,2,27,17,52,13,15,50
12,46,12,17,23,50,41,29,25,22
54,8,20,55,11,12,36,29,37,1
34,42,39,45,27,53,42,46,38,51
8,3,27,8,22,44,42,23,45,30
9,15,4,11,29,3,5,27,22,4
41,54,7,15,14,0,9,8,36,18
7,49,21,40,26,29,18,5,44,46
4,56,42,33,4,25,24,43,39,32
26,7,6,56,42,28,54,46,19,34
49,5,41,8,24,53,49,23,45,39
4,0,43,21,20,11,39,10,35,16
29,38,9,40,36,9,24,16,4,1
52,26,24,53,29,3,21,8,43,42
47,24,10,42,35,22,52,32,39,31
8,34,14,33,36,21,49,25,56,40
55,17,37,46,15,9,11,40,23,56
36,39,9,32,25,8,20,49,46,35
4,35,46,48,16,3,43,16,33,21
52,20,0,40,43,24,43,0,37,15
21,24,39,50,46,43,39,32,20,13
52,55,40,19,20,31,4,41,3,36
8,9,35,52,8,30,6,50,36,19
21,53,7,35,26,18,38,37,31,3
5,35,28,25,44,33,33,11,43,10
8,17,7,7,9,46,18,12,38,42
39,47,22,13,51,16,32,37,37,38
50,31,31,32,6,39,7,9,37,11
56,33,49,56,49,11,48,43,48,8
14,44,18,15,37,54,16,42,30,42
36,21,12,53,19,47,15,25,38,25
34,16,25,29,1,30,10,3,52,43
34,46,29,13,54,21,31,18,41,25
54,47,13,36,56,36,23,22,33,4
42,30,40,16,14,30,3,8,21,33
2,10,6,44,45,36,26,5,31,29
13,19,28,27,54,32,6,10,41,10
10,20,27,46,30,9,24,30,19,16
9,36,17,5,9,30,32,32,13,21
1,25,27,5,54,37,24,3,41,52
9,52,20,35,21,54,46,53,19,46
35,31,40,23,33,14,6,10,36,46
6,40,10,11,11,56,4,8,42,7
14,22,42,6,32,54,20,0,31,29
44,32,56,25,25,28,53,6,28,21
7,13,25,1,2,48,31,1,18,23
53,23,55,54,56,56,39,41,46,1
56,5,3,0,23,47,49,39,23,26
17,20,46,13,41,31,51,49,40,20
54,32,53,48,34,54,51,8,32,42
20,31,18,10,10,37,43,18,41,14
13,4,10,31,41,42,53,5,49,0
25,27,45,8,32,32,16,29,10,25
38,36,46,20,28,26,40,25,21,26
50,15,51,46,2,39,41,15,19,19
25,47,6,42,19,18,39,28,24,9
30,20,8,8,27,38,32,14,45,41
17,2,43,45,49,55,18,36,31,28
47,14,1,3,40,38,53,6,14,18
4,21,46,3,5,45,12,33,21,5
40,45,24,46,11,49,9,0,15,15
49,43,35,27,37,25,30,39,47,34
0,29,7,48,38,23,23,40,51,47
40,30,49,14,24,5,51,17,47,44
20,8,25,23,21,50,56,47,22,36
39,3,54,2,31,44,45,46,35,43
22,29,35,19,34,26,7,12,41,37
3,11,55,23,43,6,14,14,21,28
36,46,2,3,53,37,23,21,51,15
4,50,47,36,9,42,51,24,5,22
22,53,41,24,17,16,22,23,33,10
26,27,46,1,16,53,55,41,26,22
53,54,51,32,39,4,5,17,24,15
45,18,19,34,5,12,55,49,34,33
17,15,7,5,30,35,15,41,55,43
43,25,51,12,42,23,49,1,39,46
30,49,50,13,13,13,11,24,34,27
42,45,51,5,47,2,3,12,11,26
35,35,24,34,36,17,49,51,2,25
28,20,52,1,35,7,32,44,20,11
33,1,17,23,23,3,30,43,24,55
25,8,0,5,4,11,46,48,54,43
49,23,45,19,33,21,6,18,0,50
10,47,30,40,35,20,31,47,47,31
36,22,1,53,39,9,3,21,24,37
9,5,17,55,18,41,31,43,13,23
8,13,26,0,22,34,44,49,18,41
29,14,20,43,26,30,38,6,15,8
34,46,7,7,9,41,3,42,38,42
48,31,19,31,4,3,44,39,44,20
40,42,53,1,1,16,4,44,28,6
20,36,9,30,50,44,36,8,21,24
29,20,23,36,53,6,31,12,0,1
53,43,53,13,9,36,30,28,46,20
2,29,6,39,43,41,3,10,29,47
24,53,8,2,34,16,42,25,39,18
49,7,26,54,12,49,3,17,38,23
33,38,21,40,34,27,50,24,7,1
13,46,35,9,13,44,6,42,53,48
6,50,56,29,24,49,11,1,6,54
39,13,36,22,56,24,52,12,46,50
1,18,51,26,2,31,45,52,44,42
6,19,42,44,35,31,30,24,31,28
15,54,1,1,17,31,8,5,27,32
25,25,23,10,46,13,5,14,43,36
21,19,42,32,21,45,41,21,6,23
8,33,1,56,34,52,51,17,7,47
33,29,13,51,24,10,24,39,4,43
22,31,0,34,25,14,6,53,49,18
7,11,10,6,19,1,27,56,53,0
9,4,3,6,15,6,19,8,26,22
1,30,43,1,5,12,33,16,35,1
38,10,55,19,48,33,48,50,32,14
33,48,32,28,38,37,4,14,3,40
38,5,46,26,12,19,41,40,55,42
11,6,25,10,45,36,3,52,8,20
29,25,35,24,41,20,13,33,23,12
56,35,47,44,13,25,10,31,24,25
53,5,7,45,25,44,1,17,17,19
34,5,18,40,46,40,30,11,8,45
21,31,7,27,46,24,9,27,50,35
22,11,14,33,5,14,33,23,42,45
47,11,55,30,26,32,28,16,29,43
3,7,56,16,27,25,24,50,54,33
32,12,33,30,46,51,21,54,27,8
29,11,52,30,6,45,7,23,35,15
44,25,12,19,50,22,1,51,53,24
47,31,50,30,16,6,47,37,56,5
12,16,50,13,36,12,13,2,27,55
11,9,37,54,14,21,36,9,23,3
46,35,19,27,34,48,48,3,18,28
1,31,15,19,47,18,42,19,25,22
28,8,40,51,30,27,37,7,8,36
44,10,13,40,36,11,19,20,5,42
17,26,50,27,44,38,6,4,30,32
2,34,28,42,7,12,10,53,49,18
19,38,10,9,50,34,29,40,48,39
25,0,50,23,44,12,55,41,28,19
50,15,55,16,39,42,11,41,39,19
8,4,15,8,43,16,18,11,27,40
9,50,40,10,9,1,48,20,43,27
34,39,34,4,32,43,10,4,22,13
18,15,11,32,34,51,21,48,34,14
50,29,4,40,34,16,40,10,40,48
14,8,48,6,29,31,9,15,55,3
43,54,18,17,34,25,31,13,22,29
15,37,37,31,34,54,11,19,33,4
23,46,2,31,29,50,19,35,4,40
56,44,12,14,42,21,10,47,54,43
30,21,12,51,41,12,27,54,1,7
36,48,43,38,15,37,10,19,40,39
18,0,11,28,13,53,6,31,11,0
2,48,10,51,9,43,39,20,55,26
20,15,28,31,5,55,52,47,9,3
35,10,42,23,8,27,44,10,3,47
51,35,54,40,29,30,45,41,19,26
37,34,45,13,21,14,29,47,30,18
15,56,33,39,47,5,53,31,41,1
41,1,27,29,48,12,42,36,11,23
55,25,20,42,16,16,34,17,56,46
29,2,11,51,9,52,1,2,17,53
37,54,0,52,12,41,49,14,36,44
38,10,9,56,5,10,17,52,9,13
28,7,27,4,2,33,11,33,39,16
39,29,51,42,12,41,4,37,20,45
44,0,6,41,53,37,2,24,17,46
41,21,56,9,54,44,23,36,30,34
54,40,13,19,25,47,24,35,1,21
32,22,1,49,42,50,16,30,39,45
50,37,34,40,2,32,34,5,48,34
4,41,1,23,49,18,35,13,5,4
6,24,15,40,49,3,4,43,44,2
45,49,54,27,4,3,51,46,43,21
5,14,54,23,30,32,29,19,25,52
39,52,53,10,53,56,50,42,33,36
30,7,48,27,27,1,28,24,25,11
7,7,26,15,10,13,1,15,46,12
25,41,39,37,52,41,46,17,0,29
23,19,27,25,10,34,23,28,2,7
44,6,41,0,17,11,37,14,31,14
22,31,9,10,41,53,16,34,25,14
33,56,35,47,23,56,56,48,2,35
9,33,21,33,53,46,18,51,34,1
38,9,4,16,14,29,52,24,37,22
32,56,45,40,47,17,34,15,31,50
36,42,40,25,25,24,1,36,55,43
27,34,31,50,15,17,17,40,28,34
40,48,17,17,7,31,53,10,17,31
4,40,2,55,4,20,51,9,43,50
14,36,15,54,19,31,5,53,4,44
49,4,52,0,49,22,13,13,25,14
43,36,8,19,52,32,54,47,49,28
1,33,29,36,7,30,28,39,1,43
30,25,40,37,19,16,38,54,44,49
42,22,25,15,34,0,53,49,56,4
21,31,2,33,11,22,39,28,37,56
44,22,29,30,48,52,45,1,25,5
36,15,26,5,45,22,53,28,16,49
21,2,1,8,17,51,24,0,18,39
20,18,47,1,39,35,40,45,42,11
0,7,46,39,33,32,56,34,41,36
54,1,15,12,33,4,7,17,10,47
36,5,40,23,23,33,33,13,40,56
34,42,13,42,15,51,34,18,7,25
22,0,44,22,28,27,24,48,8,31
15,4,27,7,12,56,9,51,21,56
21,20,33,26,9,48,11,29,39,7
11,19,39,14,41,9,19,36,10,27
33,26,23,43,1,12,25,53,42,34
11,15,41,7,22,51,1,29,48,4
40,17,16,12,41,18,52,41,4,26
4,44,49,13,0,21,38,14,48,49
36,37,18,53,12,54,23,3,1,13
5,40,36,31,52,4,38,43,24,14
18,51,5,16,27,16,33,25,29,9
53,5,26,7,46,25,28,38,4,22
4,7,3,16,47,29,56,22,39,33
53,50,47,9,10,29,20,25,40,44
52,53,1,17,25,1,9,19,51,29
43,7,28,12,8,39,50,54,38,21
42,25,51,56,0,21,4,55,50,20
11,25,20,36,17,14,43,10,27,30
2,33,26,50,10,19,1,39,21,3
7,56,32,31,32,56,13,53,6,28
13,48,29,49,54,40,40,13,32,48
22,50,52,3,16,25,21,22,32,35
6,39,36,0,48,28,28,21,8,25
43,2,1,39,2,46,15,54,34,2
9,2,37,19,46,35,10,24,30,54
36,13,35,31,47,5,23,23,55,16
50,25,43,32,15,40,35,39,36,46
40,50,30,45,19,3,8,26,27,1
35,20,15,49,18,18,19,42,22,17
25,47,43,32,45,24,5,15,54,46
17,36,7,6,50,4,16,18,27,5
21,46,22,38,28,23,50,31,55,42
45,45,11,31,21,54,48,20,5,12
54,30,53,38,5,38,9,14,1,51
30,42,13,24,36,16,4,23,35,18
23,1,55,36,34,53,45,18,10,52
18,3,9,26,49,50,16,14,34,37
34,45,40,29,50,50,52,42,39,38
54,56,28,49,54,40,10,23,16,56
49,6,12,24,35,36,23,53,46,29
23,16,50,0,8,38,4,55,49,31
4,19,24,16,34,54,37,6,35,43
21,44,9,15,31,47,52,45,4,46
33,48,13,15,52,51,13,42,39,6
34,2,27,13,19,1,48,43,51,48
3,42,27,39,51,20,6,15,8,5
22,9,42,53,32,37,22,54,22,47
44,4,13,18,42,9,14,33,43,19
15,48,12,27,20,31,51,4,35,2
10,5,43,21,37,17,54,46,1,47
1,39,28,4,35,10,44,50,0,8
56,14,47,5,42,52,44,17,40,11
8,28,30,24,34,28,39,52,52,7
25,18,4,14,16,56,48,32,15,10
30,19,4,42,54,25,42,34,18,43
25,43,20,4,54,45,38,53,50,46
20,0,2,38,56,12,33,29,40,53
11,53,8,31,30,49,45,4,36,23
52,2,38,19,25,4,34,6,44,53
25,32,0,53,22,47,54,24,56,45
50,48,26,0,37,30,28,21,2,45
17,53,10,18,22,29,22,14,20,7
21,27,38,0,24,48,2,56,55,34
56,10,25,47,55,46,12,49,14,26
53,32,51,11,6,0,13,40,50,24
6,18,35,19,6,25,23,0,39,3
26,43,32,38,47,42,42,32,26,36
17,22,14,44,2,42,5,11,26,23
1,34,20,24,41,25,27,24,8,52
17,1,38,52,1,54,52,25,30,42
24,49,44,38,52,18,52,33,5,24
10,30,25,43,32,11,30,34,43,32
17,26,5,43,34,16,1,37,46,42
7,48,41,28,45,6,5,35,43,10
44,37,7,6,2,21,16,36,16,12
42,13,27,16,21,44,0,49,37,34
30,55,20,20,29,39,30,51,31,33
56,1,1,49,50,46,36,21,27,38
35,56,21,56,35,3,54,41,55,38
12,43,56,5,3,2,16,32,44,15
5,44,52,27,4,5,19,9,35,33
39,35,13,13,53,38,15,40,15,43
54,24,16,20,55,3,9,4,22,29
42,41,51,49,3,39,51,48,56,27
18,33,0,21,49,11,43,33,27,18
51,55,11,40,48,17,38,27,0,41
43,36,34,29,42,17,20,15,5,49
4,6,10,37,18,33,46,51,41,30
29,29,23,50,39,44,53,23,3,20
29,19,50,3,51,17,33,14,45,42
35,6,9,50,43,16,16,16,10,20
52,16,19,48,42,18,52,19,29,54
28,16,1,53,30,2,22,39,0,42
21,2,41,25,16,37,19,14,42,41
18,25,11,15,8,9,5,22,37,25
51,8,43,4,15,40,48,32,45,19
26,47,56,16,40,32,8,27,36,40
52,2,21,15,5,17,43,24,55,6
43,37,39,0,31,48,41,24,55,41
30,56,1,23,14,53,38,54,44,28
15,28,53,26,24,24,29,45,15,19
7,34,43,5,10,56,42,39,13,25
21,55,13,20,17,2,13,17,51,38
5,55,36,3,48,48,24,16,11,54
14,22,7,29,55,24,8,3,43,10
2,21,28,46,1,39,32,4,44,14
7,14,48,17,20,11,3,26,31,11
46,48,15,56,7,14,20,11,40,14
45,29,35,20,37,29,41,50,7,37
16,2,17,44,20,33,51,46,44,20
19,40,11,40,43,34,40,46,55,47
54,46,52,17,48,25,7,10,44,6
23,49,8,45,6,29,29,12,50,56
54,5,54,41,44,14,34,30,22,20
33,41,29,17,11,37,45,40,10,30
7,31,54,18,17,42,14,7,7,44
9,2,8,10,18,4,14,34,50,19
33,23,11,15,10,24,55,12,6,48
8,47,40,40,16,43,22,48,48,4
53,49,55,16,11,8,34,36,23,22
24,53,35,33,35,50,24,44,29,47
37,8,5,2,46,8,53,11,8,54
7,56,3,6,19,41,42,49,22,22
54,38,39,52,34,29,30,54,32,34
25,39,21,21,39,50,45,17,33,29
10,34,3,46,56,21,33,1,13,39
28,43,55,51,43,11,32,1,19,28
51,22,3,35,43,38,25,2,2,17
41,45,41,29,5,10,30,26,39,5
11,50,18,22,28,14,53,22,53,50
11,28,20,6,24,48,9,40,13,16
27,15,21,38,56,15,7,54,17,2
6,4,6,12,2,12,1,45,8,3
27,15,20,44,27,32,29,11,19,13
22,3,46,10,22,2,5,32,47,0
7,51,23,45,43,44,4,4,45,4
6,14,19,53,11,7,5,3,10,32
29,34,20,37,31,20,5,24,11,37
49,14,36,29,19,31,32,21,0,8
0,18,18,20,1,44,54,7,10,9
51,56,4,11,28,51,9,28,28,29
46,48,11,12,9,49,7,39,52,3
27,44,48,41,48,1,30,31,49,18
32,13,50,2,53,43,10,34,40,4
12,53,2,20,16,28,49,56,38,26
49,51,39,24,29,28,54,55,24,54
8,26,1,44,17,23,55,55,47,31
48,10,35,49,44,14,8,24,28,38
1,6,23,25,12,47,21,7,18,16
8,10,17,22,19,51,47,41,49,8
0,26,39,4,19,15,51,5,44,48
38,13,0,30,11,54,5,51,15,56
21,23,10,47,18,54,52,13,26,44
54,15,11,19,8,4,1,40,39,44
37,10,22,7,0,34,46,9,41,50
56,18,11,33,56,6,0,38,18,44
28,35,26,30,46,51,19,9,39,36
29,5,3,47,12,0,24,24,6,26
8,19,27,25,31,51,36,40,52,31
53,32,46,35,4,34,5,39,37,32
18,15,11,0,52,53,25,29,13,40
34,20,54,42,48,56,50,47,4,24
24,36,18,14,56,37,41,38,15,17
29,42,9,50,8,5,29,40,35,5
5,52,11,1,45,5,50,43,21,14
24,15,3,23,36,50,34,34,31,32
35,54,21,16,22,8,46,36,14,7
42,10,52,2,33,5,25,53,21,46
19,56,27,56,33,10,13,5,51,52
50,14,19,36,14,16,29,1,36,17
16,3,4,28,52,45,0,55,19,24
0,40,49,31,7,0,3,12,21,20
42,4,33,13,48,15,27,11,54,30
31,54,49,15,55,23,12,41,11,39
17,5,28,21,4,52,39,37,1,43
56,46,37,11,10,26,39,32,52,20
55,16,56,53,43,22,12,6,28,17
46,20,39,10,2,53,46,30,23,22
10,56,48,24,14,39,3,35,14,28
56,1,34,22,5,45,27,33,29,30
40,31,26,34,10,13,34,31,9,2
8,21,11,51,42,17,15,41,18,47
0,21,49,35,29,20,24,13,40,18
43,30,38,29,33,31,17,6,15,7
11,30,26,53,8,21,56,0,39,56
21,37,46,19,15,8,1,32,14,1
0,25,31,4,34,42,30,37,32,39
54,30,50,52,44,33,33,39,2,13
50,12,37,13,1,41,30,9,29,48
38,33,24,8,54,10,3,5,35,19
5,8,9,36,56,42,22,16,17,8
41,48,53,50,30,36,39,21,34,24
40,40,50,49,38,26,26,21,47,9
16,12,32,35,44,33,7,37,10,50
22,36,15,19,6,12,40,20,31,23
14,1,10,38,4,6,51,52,20,34
13,30,18,45,7,45,48,47,35,40
42,32,4,53,23,1,42,25,45,25
0,27,49,20,15,19,13,12,4,17
45,53,25,0,43,8,23,6,1,47
33,50,35,51,13,45,17,25,4,54
8,32,37,53,37,47,24,18,20,29
1,30,44,20,9,6,7,37,50,37
51,49,55,24,22,0,22,48,45,34
20,18,53,44,13,5,38,5,13,23
12,48,52,13,56,47,31,36,7,32
6,15,51,32,35,33,42,51,12,46
19,17,24,2,47,32,13,34,12,22
4,31,28,25,23,15,27,0,41,24
17,27,51,15,22,45,49,8,23,54
18,48,56,30,54,42,18,48,13,18
19,16,23,8,23,25,34,13,52,5
53,35,26,28,6,16,42,53,29,44
3,37,31,24,0,18,31,52,0,21
7,54,45,55,54,12,51,39,25,13
37,30,48,40,3,6,25,47,24,32
9,43,42,33,11,33,32,33,7,34
25,29,6,32,2,21,17,56,10,5
11,39,19,40,48,19,22,33,42,34
45,0,34,32,26,24,39,52,21,46
16,7,42,45,21,24,8,54,9,32
54,45,56,40,39,27,0,15,22,18
33,26,6,20,41,3,18,24,50,46
4,51,34,23,24,29,56,24,41,15
45,51,23,52,47,24,43,50,40,31
3,40,36,33,32,45,2,8,49,48
49,14,52,53,41,29,38,37,19,50
24,41,26,50,25,54,24,23,27,17
15,11,40,41,29,47,15,27,20,36
6,32,47,12,20,37,15,44,2,16
25,49,11,34,12,10,51,1,34,20
46,31,25,40,49,26,51,8,56,19
50,1,8,40,42,32,22,10,17,24
20,42,23,37,50,29,50,22,38,3
28,10,7,9,52,2,10,32,24,12
11,39,51,23,39,25,41,39,26,33
23,32,30,42,51,23,11,27,33,52
11,40,50,44,28,25,20,9,21,31
9,27,12,25,27,3,18,30,51,49
33,34,39,26,21,5,49,37,44,50
15,17,21,9,0,43,30,28,44,41
49,9,33,17,33,44,45,16,52,13
45,17,0,39,11,25,13,5,6,44
33,2,24,48,35,23,35,16,44,56
37,32,19,56,30,13,24,7,45,21
48,5,1,29,52,34,0,37,38,50
37,33,15,39,45,11,17,48,44,11
34,53,28,29,30,45,54,10,44,16
52,46,48,37,55,16,2,44,8,33
28,15,54,33,55,24,30,2,42,9
49,51,0,38,14,7,8,46,29,20
27,40,10,22,43,33,10,26,27,33
16,5,35,23,38,9,17,4,16,41
9,7,32,31,27,23,7,28,32,36
51,14,41,53,37,15,43,35,31,43
27,52,51,55,9,30,1,15,1,42
53,39,28,8,24,32,40,30,11,31
21,12,29,23,17,9,1,36,1,27
30,15,0,8,39,41,3,54,45,17
23,10,38,2,22,14,51,56,20,32
52,38,56,53,55,11,50,12,8,54
33,40,3,12,19,22,55,20,50,4
32,11,15,25,41,46,3,5,40,46
22,7,30,40,18,55,14,26,33,30
52,33,45,55,44,47,1,37,27,15
34,36,8,1,11,35,9,9,8,36
18,54,39,29,37,27,0,6,6,1
9,17,34,48,46,9,37,6,36,3
15,51,29,45,16,46,54,1,25,13
55,22,26,36,29,31,31,39,8,53
51,39,51,16,24,14,33,37,56,0
19,53,19,27,5,55,14,4,45,9
26,9,28,29,19,49,50,27,20,36
53,37,30,28,7,44,32,0,47,51
52,9,33,49,2,46,26,29,56,56
34,9,45,26,30,1,14,20,9,55
31,20,9,54,50,1,40,12,1,42
0,48,42,26,35,7,3,10,52,23
49,51,10,7,39,49,9,4,8,44
39,53,37,56,20,27,18,42,29,45
38,48,19,6,52,2,47,26,53,21
26,40,5,56,54,18,1,27,27,42
4,49,45,3,54,22,3,2,17,21
24,6,6,45,28,15,55,27,50,53
35,31,37,3,18,41,3,51,15,19
28,22,4,37,44,3,12,52,37,45
35,43,1,20,36,31,10,0,17,49
35,14,54,22,15,7,47,43,2,55
31,15,10,5,48,49,3,34,8,35
23,45,20,14,41,14,47,49,50,36
35,13,35,29,12,44,46,13,14,32
49,55,13,26,6,39,54,23,14,37
5,43,50,38,33,41,8,54,38,7
34,51,7,56,45,31,8,19,39,32
20,14,26,1,42,3,11,20,48,17
40,1,37,15,52,46,29,1,13,44
7,20,22,31,35,43,13,16,50,46
16,53,25,42,35,42,17,27,41,47
26,5,12,38,18,37,29,22,33,50
39,56,3,36,6,10,43,0,46,33
52,4,56,36,18,13,45,29,5,26
11,50,30,26,9,52,53,52,22,55
11,26,38,53,10,30,52,18,48,28
27,14,35,43,9,31,39,31,54,2
4,32,54,44,7,56,3,0,53,33
43,21,47,30,12,48,0,14,51,35
1,21,13,2,47,22,19,45,35,55
41,28,35,51,23,8,11,50,51,13
35,51,36,8,1,32,35,11,10,47
18,55,9,48,22,6,27,32,35,44
27,15,35,45,32,26,52,31,28,38
49,50,18,11,23,32,50,41,24,19
31,55,22,35,32,54,26,31,5,36
28,31,26,33,52,43,26,8,12,52
43,18,38,41,30,41,43,21,18,40
28,5,15,47,42,29,39,25,32,49
19,36,7,24,10,25,21,35,4,31
44,31,25,23,46,40,49,53,41,10
3,29,20,24,34,16,24,23,44,11
1,55,44,48,11,10,0,2,56,29
11,55,52,30,45,22,27,15,30,21
54,26,16,20,54,21,33,16,10,14
53,26,27,5,17,56,35,53,8,45
47,7,40,38,3,52,20,27,40,32
38,14,7,30,2,9,40,56,8,37
42,8,22,4,14,49,5,44,11,4
26,18,43,24,44,34,16,42,33,44
30,53,50,52,14,30,43,40,21,2
33,30,43,20,11,29,25,25,6,45
48,22,24,35,12,41,54,29,24,45
4,11,49,22,0,10,9,34,1,11
19,0,11,20,22,31,23,50,32,27
20,42,34,56,45,18,32,2,39,42
12,55,56,32,35,11,56,40,17,15
4,20,16,17,6,26,51,45,27,45
17,27,46,23,20,17,19,33,9,5
7,12,12,43,20,13,43,40,2,14
46,45,16,29,15,0,40,38,16,26
16,46,5,39,51,2,34,49,12,52
46,2,45,51,30,54,55,21,4,56
2,4,22,33,5,0,40,23,31,52
14,29,43,33,48,3,5,5,25,50
34,42,39,23,37,49,5,5,36,2
1,51,21,44,2,52,43,16,38,44
46,30,21,7,37,37,27,1,24,27
14,51,24,26,45,42,13,31,21,5
48,54,27,0,19,16,36,54,4,25
7,54,46,37,1,6,52,38,55,13
32,6,18,45,5,29,29,42,17,55
36,0,56,26,15,32,37,3,2,32
16,20,20,17,15,9,36,5,35,38
29,41,12,47,34,15,45,21,21,27
31,3,11,36,18,47,31,7,12,18
19,42,49,9,45,12,45,55,21,0
43,45,46,28,24,45,33,15,37,16
23,15,33,42,1,0,14,9,28,32
26,53,26,31,47,52,47,41,23,16
18,37,52,24,52,30,12,17,16,49
18,53,53,48,35,33,42,2,40,17
47,30,42,49,51,41,44,0,22,33
33,38,50,23,26,2,45,25,8,19
12,4,36,32,48,43,10,34,15,54
32,13,53,48,34,22,0,30,53,56
8,53,49,20,1,12,12,27,16,25
3,11,24,32,18,53,30,23,19,37
25,10,53,52,8,2,54,53,6,0
5,12,2,53,13,43,15,29,17,14
52,28,34,20,31,16,29,34,40,23
30,56,31,4,38,3,13,53,40,56
22,56,30,45,30,32,0,37,31,30
13,9,53,46,30,48,27,21,1,55
28,5,54,3,7,24,28,19,14,52
55,51,19,35,39,10,35,37,24,46
27,49,8,17,19,33,28,37,36,51
54,9,21,14,10,22,39,6,4,28
20,38,20,28,28,10,51,52,33,36
19,56,30,24,34,9,34,46,31,22
20,7,36,54,32,8,41,11,21,48
21,15,47,24,21,54,49,36,36,31
45,17,32,8,24,54,18,16,33,39
5,50,23,5,54,9,33,24,11,12
36,41,47,36,6,49,48,21,12,33
37,7,3,19,36,50,13,34,7,27
29,52,16,8,1,42,35,22,30,1
44,17,40,43,6,4,12,47,32,18
56,53,18,48,41,3,28,34,48,53
24,55,16,31,49,31,18,7,1,8
50,22,5,49,42,0,16,47,6,36
24,50,52,35,7,37,18,36,19,46
5,22,14,36,11,11,45,13,42,36
8,36,20,37,22,31,55,42,49,56
24,52,22,26,21,27,26,34,23,3
42,25,24,55,3,26,52,49,14,43
40,56,32,1,8,31,32,9,6,36
18,20,34,9,4,32,6,36,14,8
36,44,4,19,0,28,54,24,50,4
54,13,38,26,22,39,19,53,28,46
49,45,45,13,40,17,35,55,42,22
6,37,33,46,26,43,43,32,17,10
37,36,30,25,38,14,13,36,16,1
12,32,23,32,56,38,40,1,1,55
9,24,55,40,15,34,2,35,48,1
49,7,26,3,45,52,22,50,53,17
39,0,56,47,4,32,0,1,24,6
24,13,55,38,10,37,15,52,56,43
46,16,11,48,7,6,40,6,28,17
7,55,42,39,35,50,32,4,24,35
21,5,21,14,6,38,25,53,18,29
18,5,33,14,5,46,30,32,48,23
23,21,30,15,12,11,9,48,15,31
46,19,46,31,26,5,15,38,51,14
56,5,9,21,14,11,33,40,31,54
9,4,9,5,17,43,9,3,8,37
49,43,6,36,52,28,27,31,35,42
17,44,4,12,47,9,33,21,53,11
53,26,14,20,39,3,21,30,24,43
9,33,35,45,47,31,55,31,15,2
23,26,30,28,20,54,21,3,17,28
46,50,52,1,36,30,12,10,26,10
22,10,25,7,49,36,27,39,18,53
45,42,51,10,31,36,27,30,35,40
29,15,26,36,50,46,34,40,47,42
22,10,25,27,36,7,3,53,45,22
2,42,55,23,49,45,10,48,11,49
0,40,15,36,26,41,49,43,19,31
5,17,16,8,1,37,50,21,16,39
8,55,8,23,47,13,55,20,50,16
33,5,34,14,46,16,2,22,41,46
4,4,7,30,46,12,9,31,16,54
15,39,2,26,50,24,9,10,23,13
51,11,51,43,54,45,5,34,32,20
22,25,0,40,25,30,31,7,41,15
10,4,26,56,7,4,15,9,1,12
22,8,38,13,44,18,51,32,47,32
10,0,3,14,6,15,32,13,54,7
19,45,7,25,38,51,0,55,24,12
40,49,32,16,34,6,7,6,20,26
19,51,27,38,0,9,29,55,4,23
11,50,42,40,41,26,10,23,19,7
49,16,44,36,54,25,30,3,17,56
28,1,21,2,22,12,34,23,29,19
44,10,35,30,10,3,55,27,25,28
46,8,56,17,27,12,46,53,6,45
35,9,15,22,26,14,44,15,1,1
38,40,28,47,17,51,51,6,56,30
47,33,40,2,5,50,23,28,23,44
42,0,4,4,19,19,43,42,15,28
28,21,12,14,21,4,33,45,54,3
2,4,53,13,46,37,14,1,23,1
6,2,12,22,35,30,23,1,9,40
55,9,14,56,23,9,17,33,28,39
56,53,51,40,11,47,43,17,34,10
10,20,29,55,56,41,9,28,30,29
38,26,17,50,43,16,51,8,12,24
37,22,23,11,9,29,49,26,13,2
41,49,53,23,54,17,21,28,6,44
27,41,55,25,33,8,19,9,56,16
11,45,49,56,17,18,56,20,54,18
37,53,5,48,30,3,21,49,28,1
48,20,18,39,29,18,0,25,8,10
56,21,0,13,18,43,9,41,4,40
34,50,55,8,29,50,14,34,54,16
52,56,35,1,50,24,18,26,26,29
28,45,25,3,20,46,0,10,30,19
4,50,50,33,56,41,13,46,37,22
30,29,37,54,7,28,32,34,53,11
23,36,9,47,3,30,54,48,17,52
43,39,34,33,49,2,53,11,21,44
9,14,25,11,18,31,27,30,33,55
4,24,38,22,26,16,9,24,49,31
52,28,20,39,39,40,26,35,19,44
34,13,20,12,18,20,41,38,43,9
39,21,42,17,0,18,23,44,48,50
1,20,5,2,40,29,40,1,41,5
54,32,20,4,54,4,24,4,14,27
36,27,1,6,28,52,54,2,47,51
9,56,1,38,20,1,14,38,48,11
30,4,19,15,10,50,3,38,1,50
47,17,51,31,31,39,54,16,11,21
50,0,27,20,38,31,21,34,0,0
42,55,49,31,33,54,43,29,28,0
40,39,40,10,47,34,23,32,9,31
5,11,45,22,47,48,5,24,4,37
18,3,54,33,1,7,20,35,51,33
17,32,6,33,26,15,54,25,53,23
14,20,7,40,7,21,53,16,19,31
44,14,15,14,20,41,45,16,47,47
0,41,49,49,29,52,11,43,20,21
55,35,37,2,0,37,22,40,33,22
37,53,18,5,20,52,7,32,40,19
51,32,32,8,11,45,16,50,13,3
42,5,54,2,36,36,30,37,28,24
4,12,32,56,0,13,9,15,46,28
10,13,31,39,5,41,34,10,40,46
43,41,49,18,48,28,2,47,26,27
7,19,14,7,16,16,49,1,47,34
22,10,1,41,0,15,20,20,46,0
32,44,56,26,54,18,0,45,45,27
4,5,24,24,38,56,26,37,15,34
0,43,31,54,11,5,39,38,15,35
50,14,16,37,41,22,17,3,17,49
52,42,10,20,44,52,36,42,22,2
7,12,37,53,12,10,9,8,41,53
26,26,17,24,48,53,30,9,53,48
51,0,13,3,5,1,20,24,15,3
36,33,56,12,44,5,50,45,39,18
45,44,12,39,50,3,30,45,44,56
51,20,49,36,9,20,46,13,29,21
45,35,41,20,56,12,23,53,30,56
27,35,48,43,30,23,28,55,20,50
50,49,53,27,5,10,25,53,10,37
17,26,14,0,41,23,51,39,38,30
17,44,20,31,32,29,34,52,4,0
22,29,14,35,26,28,30,54,29,39
17,15,42,45,12,7,34,25,19,18
55,45,40,53,47,5,0,9,19,9
1,18,44,52,45,45,2,4,53,6
5,17,46,13,3,38,14,17,12,32
44,48,0,27,9,16,11,40,8,19
40,53,34,51,50,42,34,49,27,6
3,8,8,14,9,45,8,18,49,40
23,11,25,40,46,18,53,23,30,18
9,49,53,34,8,12,53,49,37,3
22,46,29,46,19,26,30,20,23,15
30,46,7,39,56,34,45,54,13,38
56,40,23,48,23,52,47,7,55,52
30,0,46,33,56,9,45,54,44,6
30,32,44,1,53,14,42,41,12,3
40,22,35,27,4,20,36,3,48,44
0,9,35,12,49,39,1,19,37,31
40,43,45,31,16,36,23,21,43,45
39,33,18,36,20,44,43,20,48,29
20,21,29,44,15,53,4,34,44,41
32,35,33,8,6,55,50,13,14,51
23,27,39,14,43,47,33,41,37,51
27,12,1,40,2,9,50,3,37,39
6,55,9,1,50,1,45,9,1,20
11,37,50,40,34,54,1,35,25,35
27,11,40,44,11,5,10,29,4,27
8,56,42,17,3,40,18,36,6,13
17,27,53,34,39,17,38,10,22,31
8,35,21,23,50,6,36,31,5,16
2,31,10,46,46,40,43,51,31,5
47,40,54,49,51,38,54,6,29,23
40,9,26,48,50,33,39,52,16,42
56,18,30,1,12,15,9,1,26,8
14,31,15,20,22,56,0,44,33,8
43,38,39,39,49,31,43,26,49,42
19,43,10,23,47,22,38,0,28,11
53,45,19,33,0,28,52,8,30,7
46,26,32,38,17,0,10,45,32,3
24,29,7,54,45,10,1,48,29,17
35,27,52,40,0,44,29,6,29,1
2,34,52,50,32,15,44,9,31,39
24,50,55,47,48,1,2,2,10,2
28,28,30,22,3,1,53,11,6,5
16,30,38,32,39,54,34,23,17,56
35,52,5,29,12,15,31,53,40,9
39,50,53,55,25,20,0,34,11,52
9,22,17,10,23,16,19,24,31,4
42,15,5,1,47,22,40,52,55,25
25,5,14,31,21,36,6,4,47,49
14,0,40,36,17,47,39,31,43,13
32,55,29,41,44,21,43,31,28,11
56,33,56,3,38,41,20,18,28,53
56,52,7,2,10,7,56,39,23,7
33,51,41,10,32,38,13,21,39,26
4,41,34,39,15,30,43,20,27,24
55,37,31,17,38,29,15,16,6,33
50,40,32,16,38,8,44,2,30,28
44,38,18,28,33,21,31,46,39,33
41,38,45,23,24,27,26,12,49,37
36,45,7,7,6,7,2,53,27,26
13,6,54,55,37,2,45,38,8,18
23,16,18,7,32,42,9,48,9,17
9,52,23,12,55,49,23,47,50,53
36,13,17,50,49,21,12,16,26,56
29,10,33,49,23,5,45,53,40,14
51,47,32,56,55,11,45,20,52,39
3,10,21,36,13,32,46,12,49,8
8,51,22,30,8,54,1,36,16,16
53,20,9,41,18,0,49,20,3,0
12,52,25,16,54,48,6,41,19,22
8,0,47,54,43,10,30,44,39,28
21,19,37,22,48,21,48,33,19,23
2,40,26,16,29,18,48,14,22,55
34,46,10,46,29,9,52,39,18,53
14,30,2,11,36,54,1,40,26,50
18,54,4,28,6,2,53,49,31,31
26,12,28,33,44,7,42,18,13,2
41,8,24,27,24,1,43,35,28,43
36,7,35,45,1,24,21,4,31,34
29,37,3,18,46,37,18,41,34,8
23,6,4,28,19,10,28,52,20,32
33,23,2,31,54,33,20,27,50,13
19,28,15,35,22,55,24,43,21,50
23,5,23,37,56,48,51,35,35,6
45,15,46,56,19,56,21,29,38,37
31,13,19,33,45,9,19,37,38,34
35,14,52,31,38,0,47,2,17,45
31,18,26,15,35,25,46,25,34,29
27,5,3,48,46,48,40,26,52,17
10,44,24,34,10,36,29,52,53,31
51,17,26,4,41,18,32,50,55,5
2,49,50,24,17,55,12,47,7,2
33,22,37,38,51,53,5,7,11,12
44,27,52,51,22,8,11,22,5,44
11,35,11,7,18,43,19,24,40,10
48,25,36,31,20,24,22,2,54,29
2,52,33,45,45,10,6,56,41,37
16,33,47,33,44,15,21,5,23,22
30,38,20,14,1,19,30,23,17,14
42,38,12,23,33,52,24,40,47,47
32,17,8,41,5,15,9,3,21,37
29,33,50,29,13,19,18,38,33,2
52,13,45,54,51,20,39,50,21,47
51,50,38,33,7,33,7,49,31,4
2,10,34,39,21,0,42,44,13,13
42,27,8,56,30,11,39,26,43,48
39,41,25,3,51,0,50,48,56,55
45,27,14,35,35,18,31,40,46,12
55,30,40,42,29,13,44,19,33,46
4,17,20,19,54,54,40,3,15,54
14,50,30,52,34,28,45,42,43,30
34,21,47,25,52,20,21,56,16,28
43,37,51,17,52,44,21,49,14,48
52,51,5,31,16,13,23,8,20,49
12,4,53,6,3,22,23,20,40,39
50,0,54,20,12,47,1,47,6,24
36,44,15,7,1,38,1,16,26,38
54,0,2,53,42,13,0,29,31,2
18,32,13,23,4,48,13,9,55,38
21,21,13,2,27,23,33,33,51,15
23,16,44,12,48,22,13,9,8,23
14,30,42,9,38,0,41,8,0,11
55,31,37,9,53,9,39,13,44,56
20,44,6,10,16,18,23,47,38,23
34,44,12,9,23,27,16,26,51,45
56,3,42,48,46,30,38,39,44,28
38,11,47,42,42,20,42,13,21,16
21,20,37,38,48,56,24,19,42,46
28,46,39,31,53,22,27,41,1,42
24,12,38,2,0,44,17,52,47,52
3,4,53,17,40,3,31,49,46,49
20,28,41,5,47,25,9,45,15,28
2,3,29,11,2,24,15,28,45,11
14,54,26,42,27,46,50,52,11,6
7,50,53,30,22,29,28,18,19,2
44,3,54,47,26,33,53,21,11,53
23,4,6,2,7,2,50,51,40,13
8,41,8,39,34,0,20,51,15,6
6,35,23,10,8,0,27,12,42,18
53,32,28,6,3,8,39,17,27,22
45,12,25,18,15,43,6,35,36,41
40,56,41,51,39,4,36,48,8,30
35,39,17,28,11,49,43,34,5,33
27,24,29,36,37,18,11,28,36,34
55,21,12,44,49,17,14,12,30,28
25,9,9,23,6,48,47,19,48,5
56,33,49,50,28,23,23,27,0,6
0,10,41,35,17,10,6,45,16,46
56,43,46,27,44,26,15,33,26,55
23,41,26,33,48,27,25,9,8,10
38,39,44,45,18,56,56,3,42,25
45,36,0,8,43,51,34,51,37,8
51,31,35,8,38,47,55,7,45,46
16,18,46,28,54,29,6,16,18,36
29,6,16,42,15,37,31,56,28,6
8,52,4,46,53,37,37,16,3,28
1,9,10,26,1,27,37,44,40,51
50,5,38,3,14,14,35,7,44,1
22,1,8,8,4,52,30,4,55,16
39,27,31,55,42,52,52,51,16,54
19,48,31,12,15,20,17,14,51,31
51,10,23,33,3,47,46,21,33,30
55,29,13,28,44,43,54,35,13,18
7,22,50,46,11,37,44,1,35,12
9,33,16,27,53,42,5,29,39,17
42,42,56,13,29,39,15,8,36,31
39,39,8,2,32,22,54,28,31,37
0,56,20,51,44,34,28,44,17,1
44,50,7,54,9,6,41,46,16,41
6,28,34,25,29,37,20,23,28,56
16,14,13,39,50,51,35,30,52,50
56,38,35,17,13,56,27,56,21,13
32,21,28,0,19,10,20,34,47,20
9,4,50,45,2,33,33,49,55,7
32,53,42,51,15,46,36,25,45,37
30,15,29,6,39,18,1,50,13,26
42,48,39,7,53,12,7,40,54,27
21,47,50,22,10,36,38,9,45,6
38,34,2,54,55,56,22,18,17,13
44,51,22,36,29,22,48,15,39,18
54,21,39,53,35,8,2,19,6,26
11,19,11,45,28,8,25,26,45,44
44,55,17,49,17,31,11,52,21,34
52,43,7,47,51,34,34,15,51,29
28,35,52,41,18,30,8,46,50,44
16,48,51,4,7,12,50,16,30,47
23,49,2,5,55,8,0,47,46,3
17,11,2,14,37,20,7,48,6,19
50,27,14,50,24,20,14,26,39,29
54,21,40,41,31,44,31,28,43,46
38,36,44,16,53,26,14,51,5,55
49,0,3,18,28,40,8,8,5,54
40,13,7,25,47,41,28,25,20,2
20,50,32,12,14,22,22,39,43,46
5,28,56,2,28,42,46,3,26,33
11,28,30,13,12,29,54,54,26,43
41,44,39,18,51,21,27,42,24,34
14,25,32,39,0,23,53,6,33,26
50,37,53,37,42,10,14,10,31,21
38,44,15,9,47,27,52,42,33,52
43,7,25,9,39,44,2,8,4,44
45,3,54,40,29,50,43,7,30,11
54,56,2,24,50,29,11,55,31,50
29,31,18,18,35,7,19,8,7,49
12,43,18,0,14,20,32,19,6,18
16,17,52,24,11,15,23,54,33,19
39,25,27,53,4,47,6,56,28,1
14,20,48,14,5,47,19,39,30,38
22,8,12,16,43,8,45,29,39,52
51,8,22,3,52,52,47,48,20,0
20,3,34,4,11,9,12,49,45,9
40,46,53,47,36,42,38,27,10,36
14,7,55,0,13,22,34,39,33,32
37,27,43,6,35,4,2,18,7,35
40,19,12,16,7,15,55,2,9,35
24,16,9,2,51,46,9,17,4,3
56,31,33,22,16,47,12,0,33,36
10,9,15,45,51,23,49,38,13,42
33,23,28,21,44,18,37,8,18,41
11,29,4,21,21,6,9,27,44,33
41,50,41,46,13,37,28,3,30,24
22,50,2,12,10,45,18,55,6,38
33,23,43,15,0,39,55,34,25,10
14,47,39,28,29,21,2,1,31,14
10,24,50,44,29,12,55,28,30,17
29,27,42,41,45,14,56,38,33,6
27,39,16,32,54,47,44,37,18,13
19,4,50,15,30,32,39,7,42,1
55,35,48,37,51,33,7,12,17,21
23,26,7,10,8,36,19,0,27,35
40,19,32,9,42,5,13,3,20,15
28,4,2,53,54,2,42,54,54,22
17,51,29,24,39,22,48,36,46,44
4,3,19,10,2,22,17,27,26,39
43,30,46,56,33,30,6,51,14,5
1,27,16,22,49,33,52,32,8,7
3,24,28,47,34,2,1,23,8,40
29,29,8,13,33,33,37,2,16,24
9,36,11,10,23,29,43,1,22,3
53,54,38,20,48,51,26,4,17,43
4,31,3,12,35,50,19,25,31,24
43,15,9,33,21,16,41,20,41,18
20,22,37,12,37,47,51,1,20,22
5,32,2,44,8,16,39,49,56,39
5,33,2,30,50,51,38,4,29,21
24,56,28,53,28,48,38,35,44,48
14,19,29,36,50,13,19,20,53,42
40,20,10,4,31,17,48,14,56,22
51,51,52,43,49,1,47,27,10,3
51,37,52,15,3,46,26,46,12,5
37,28,32,37,24,23,24,39,10,35
15,15,56,48,47,15,56,23,43,32
8,40,56,13,9,36,5,26,56,54
49,49,29,55,20,20,22,28,15,33
4,22,45,14,11,43,54,32,11,8
30,24,31,26,0,16,31,34,27,0
41,29,7,37,34,5,21,13,4,30
43,0,30,34,45,2,34,52,55,31
30,25,3,0,25,34,45,56,41,37
34,20,17,1,15,46,23,10,18,2
17,5,51,4,37,27,39,38,17,3
3,44,16,43,1,45,23,27,16,0
6,33,49,31,15,24,16,25,48,23
44,56,54,25,39,27,5,40,7,40
39,26,45,29,2,48,52,23,17,19
11,36,12,30,43,44,42,40,11,54
55,41,12,40,23,11,26,47,48,53
6,34,31,41,53,17,38,52,20,21
20,23,7,32,5,19,44,48,7,49
26,47,38,20,10,26,53,51,24,39
13,13,9,11,26,50,0,8,16,45
19,31,12,7,27,10,38,7,37,0
46,45,2,48,49,48,13,44,34,41
44,14,15,32,0,19,14,3,44,8
39,37,13,33,16,4,24,46,43,37
12,5,39,27
