time_ms,power_w
3,55.287
3,55.287
3,55.287
3,55.287
4,55.287
5,55.287
6,55.287
7,55.287
8,55.287
9,55.287
10,55.287
11,55.287
12,55.287
13,55.287
14,55.287
15,55.287
16,55.287
17,55.287
18,55.287
19,55.287
20,55.287
21,55.287
22,55.287
23,55.287
24,55.287
25,55.287
26,55.287
27,55.287
28,55.287
29,55.287
30,55.287
31,55.287
32,55.287
33,55.287
34,55.287
35,55.287
36,55.287
37,55.287
38,55.287
39,55.287
40,55.287
41,55.287
42,55.287
43,55.287
44,55.287
45,55.287
46,55.287
47,55.287
48,55.287
49,55.287
50,55.287
51,55.287
52,55.287
53,55.287
54,55.287
55,55.287
56,55.287
57,55.287
58,55.287
59,55.287
60,55.287
61,55.287
62,55.287
63,55.287
64,55.287
65,55.287
66,55.287
67,55.287
68,55.287
69,55.287
70,55.287
71,55.287
72,55.287
73,55.287
74,55.287
75,55.287
76,55.287
77,55.287
78,55.287
79,55.287
80,55.287
81,55.287
82,55.287
83,55.287
84,55.287
85,55.287
86,55.287
87,55.287
88,55.287
89,55.287
90,55.287
91,55.287
92,55.287
93,55.287
94,55.287
95,55.287
96,55.287
97,55.287
98,55.287
99,55.287
100,55.287
101,55.287
102,55.287
103,55.287
104,55.287
105,55.287
106,55.287
107,55.287
108,55.287
109,55.287
110,55.287
111,55.287
112,55.287
113,55.287
114,55.287
115,55.287
116,55.287
117,55.287
118,55.287
119,55.287
120,55.287
121,55.287
122,55.287
123,55.287
124,55.287
125,55.287
126,55.287
127,55.287
128,55.287
129,55.287
130,55.287
131,55.287
132,55.287
133,55.287
134,55.287
135,55.287
136,55.287
137,55.287
138,55.287
139,55.287
140,55.287
141,55.287
142,55.287
143,55.287
144,55.287
145,55.287
146,55.287
147,55.287
148,55.287
149,55.287
150,55.287
151,55.287
152,55.287
153,55.287
154,55.287
155,55.287
156,55.287
157,55.287
158,55.287
159,55.287
160,55.287
161,55.287
162,55.287
163,55.287
164,55.287
165,55.287
166,55.287
167,55.287
168,55.287
169,55.287
170,55.287
171,55.287
172,55.287
173,55.287
174,55.287
175,55.287
176,55.287
177,55.287
178,55.287
179,55.287
180,55.287
181,55.287
182,55.287
183,55.287
184,55.287
185,55.287
186,55.287
187,55.287
188,55.287
189,55.287
190,55.287
191,55.287
192,55.287
193,55.287
194,55.287
195,55.287
196,55.287
197,55.287
198,55.287
199,55.287
200,55.287
201,55.287
202,55.287
203,55.287
204,55.287
205,55.287
206,55.287
207,55.287
208,55.287
209,55.287
210,55.287
211,55.287
212,55.287
213,55.287
214,55.287
215,55.287
216,55.287
217,55.287
218,55.287
219,55.287
220,55.287
221,55.287
222,55.287
223,55.287
224,55.287
225,55.287
226,55.287
227,55.287
228,55.287
229,55.287
230,55.287
231,55.287
232,55.287
233,55.287
234,55.287
235,55.287
236,55.287
237,55.287
238,55.287
239,55.287
240,55.287
241,55.287
242,55.287
243,55.287
244,55.287
245,55.287
246,55.287
247,55.287
248,55.287
249,55.287
250,55.287
251,55.287
252,55.287
253,55.287
254,55.287
255,55.287
256,55.287
257,55.287
258,55.287
259,55.287
260,55.287
261,55.287
262,55.287
263,55.287
264,55.287
265,55.287
266,55.287
267,55.287
268,55.287
269,55.287
270,55.287
271,55.287
272,55.287
273,55.287
274,55.287
275,55.287
276,55.287
277,55.287
278,55.287
279,55.287
280,55.287
281,55.287
282,55.287
283,55.287
284,55.287
285,55.287
286,55.287
287,55.287
288,55.287
289,55.287
290,55.287
291,55.287
292,55.287
293,55.287
294,55.287
295,55.287
296,55.287
297,55.287
298,55.287
299,55.287
300,55.287
301,55.287
302,55.287
303,55.287
304,55.287
305,55.287
306,55.287
307,55.287
308,55.287
309,55.287
310,55.287
311,55.287
312,55.287
313,55.287
314,55.287
315,55.287
316,55.287
317,55.287
318,55.287
319,55.287
320,55.287
321,55.287
322,55.287
323,55.287
324,55.287
325,55.287
326,55.287
327,55.287
328,55.287
329,55.287
330,55.287
331,55.287
332,55.287
333,55.287
334,55.287
335,55.287
336,55.287
337,55.287
338,55.287
339,55.287
340,55.287
341,55.287
342,55.287
343,55.287
344,55.287
345,55.287
346,55.287
347,55.287
348,55.287
349,55.287
350,55.287
351,55.287
352,55.287
353,55.287
354,55.287
355,55.287
356,55.287
357,55.287
358,55.287
359,55.287
360,55.287
361,55.287
362,55.287
363,55.287
364,55.287
365,55.287
366,55.287
367,55.287
368,55.287
369,55.287
370,55.287
371,55.287
372,55.287
373,55.287
374,55.287
375,55.287
376,55.287
377,55.287
378,55.287
379,55.287
380,55.287
381,55.287
382,55.287
383,55.287
384,55.287
385,55.287
386,55.287
387,55.287
388,55.287
389,55.287
390,55.287
391,55.287
392,55.287
393,55.287
394,55.287
395,55.287
396,55.287
397,55.287
398,55.287
399,55.287
400,55.287
401,55.287
402,55.287
403,55.287
404,55.287
405,55.287
406,55.287
407,55.287
408,55.287
409,55.287
410,55.287
411,55.287
412,55.287
413,55.287
414,55.287
415,55.287
416,55.287
417,55.287
418,55.287
419,55.287
420,55.287
421,55.287
422,55.287
423,55.287
424,55.287
425,55.287
426,55.287
427,55.287
428,55.287
429,55.287
430,55.287
431,55.287
432,55.287
433,55.287
434,55.287
435,55.287
436,55.287
437,55.287
438,55.287
439,55.287
440,55.287
441,55.287
442,55.287
443,55.287
444,55.287
445,55.287
446,55.287
447,55.287
448,55.287
449,55.287
450,55.287
451,55.287
452,55.287
453,55.287
454,55.287
455,55.287
456,55.287
457,55.287
458,55.287
459,55.287
460,55.287
461,55.287
462,55.287
463,55.287
464,55.287
465,55.287
466,55.287
467,55.287
468,55.287
469,55.287
470,55.287
471,55.287
472,55.287
473,55.287
474,55.287
475,55.287
476,55.287
477,55.287
478,55.287
479,55.287
480,55.287
481,55.287
482,55.287
483,55.287
484,55.287
485,55.287
486,55.287
487,55.287
488,55.287
489,55.287
490,55.287
491,55.287
492,55.287
493,55.287
494,55.287
495,55.287
496,55.287
497,55.287
498,55.287
499,55.287
500,55.287
501,55.287
502,55.287
503,55.287
504,55.287
505,55.287
506,55.287
507,55.287
508,55.287
509,55.287
510,55.287
511,55.287
512,55.287
513,55.287
514,55.287
515,55.287
516,55.287
517,55.287
518,55.287
519,55.287
520,55.287
521,55.287
522,55.287
523,55.287
524,55.287
525,55.287
526,55.287
527,55.287
528,55.287
529,55.287
530,55.287
531,55.287
532,55.287
533,55.287
534,55.287
535,55.287
536,55.287
537,55.287
538,55.287
539,55.287
540,55.287
541,55.287
542,55.287
543,55.287
544,55.287
545,55.287
546,55.287
547,55.287
548,55.287
549,55.287
550,55.287
551,55.287
552,55.287
553,55.287
554,55.287
555,55.287
556,55.287
557,55.287
558,55.287
559,55.287
560,55.287
561,55.287
562,55.287
563,55.287
564,55.287
565,55.287
566,55.287
567,55.287
568,55.287
569,55.287
570,55.287
571,55.287
572,55.287
573,55.287
574,55.287
575,55.287
576,55.287
577,55.287
578,55.287
579,55.287
580,55.287
581,55.287
582,55.287
583,55.287
584,55.287
585,55.287
586,55.287
587,55.287
588,55.287
589,55.287
590,55.287
591,55.287
592,55.287
593,55.287
594,55.287
595,55.287
596,55.287
597,55.287
598,55.287
599,55.287
600,55.287
601,55.287
602,55.287
603,55.287
604,55.287
605,55.287
606,55.287
607,55.287
608,55.287
609,55.287
610,55.287
611,55.287
612,55.287
613,55.287
614,55.287
615,55.287
616,55.287
617,55.287
618,55.287
619,55.287
620,55.287
621,55.287
622,55.287
623,55.287
624,55.344
625,55.344
626,55.344
627,55.344
628,55.344
629,55.344
630,55.344
631,55.344
632,55.344
633,55.344
634,55.344
635,55.344
636,55.344
637,55.344
638,55.344
639,55.344
640,55.344
641,55.344
642,55.344
643,55.344
644,55.344
645,55.344
646,55.344
647,55.344
648,55.344
649,55.344
650,55.344
651,55.344
652,55.344
653,55.344
654,55.344
655,55.344
656,55.344
657,55.344
658,55.344
659,55.344
660,55.344
661,55.344
662,55.344
663,55.344
664,55.344
665,55.344
666,55.344
667,55.344
668,55.344
669,55.344
670,55.344
671,55.344
672,55.344
673,55.344
674,55.344
675,55.344
676,55.344
677,55.344
678,55.344
679,55.344
680,55.344
681,55.344
682,55.344
683,55.344
684,55.344
685,55.344
686,55.344
687,55.344
688,55.344
689,55.344
690,55.344
691,55.344
692,55.344
693,55.344
694,55.344
695,55.344
696,55.344
697,55.344
698,55.344
699,55.344
700,55.344
701,55.344
702,55.344
703,55.344
704,55.344
705,55.344
706,55.344
707,55.344
708,55.344
709,55.344
710,55.344
711,55.344
712,55.344
713,55.344
714,55.344
715,55.344
716,55.344
717,55.344
718,55.344
719,55.344
720,55.344
721,55.344
722,55.344
723,55.344
724,55.344
725,55.287
726,55.287
727,55.287
728,55.287
729,55.287
730,55.287
731,55.287
732,55.287
733,55.287
734,55.287
735,55.287
736,55.287
737,55.287
738,55.287
739,55.287
740,55.287
741,55.287
742,55.287
743,55.287
744,55.287
745,55.287
746,55.287
747,55.287
748,55.287
749,55.287
750,55.287
751,55.287
752,55.287
753,55.287
754,55.287
755,55.287
756,55.287
757,55.287
758,55.287
759,55.287
760,55.287
761,55.287
762,55.287
763,55.287
764,55.287
765,55.287
766,55.287
767,55.287
768,55.287
769,55.287
770,55.287
771,55.287
772,55.287
773,55.287
774,55.287
775,55.287
776,55.287
777,55.287
778,55.287
779,55.287
780,55.287
781,55.287
782,55.287
783,55.287
784,55.287
785,55.287
786,55.287
787,55.287
788,55.287
789,55.287
790,55.287
791,55.287
792,55.287
793,55.287
794,55.287
795,55.287
796,55.287
797,55.287
798,55.287
799,55.287
800,55.287
801,55.287
802,55.287
803,55.287
804,55.287
805,55.287
806,55.287
807,55.287
808,55.287
809,55.287
810,55.287
811,55.287
812,55.287
813,55.287
814,55.287
815,55.287
816,55.287
817,55.287
818,55.287
819,55.287
820,55.287
821,55.287
822,55.287
823,55.287
824,55.287
825,55.344
826,55.344
827,55.344
828,55.344
829,55.344
830,55.344
831,55.344
832,55.344
833,55.344
834,55.344
835,55.344
836,55.344
837,55.344
838,55.344
839,55.344
840,55.344
841,55.344
842,55.344
843,55.344
844,55.344
845,55.344
846,55.344
847,55.344
848,55.344
849,55.344
850,55.344
851,55.344
852,55.344
853,55.344
854,55.344
855,55.344
856,55.344
857,55.344
858,55.344
859,55.344
860,55.344
861,55.344
862,55.344
863,55.344
864,55.344
865,55.344
866,55.344
867,55.344
868,55.344
869,55.344
870,55.344
871,55.344
872,55.344
873,55.344
874,55.344
875,55.344
876,55.344
877,55.344
878,55.344
879,55.344
880,55.344
881,55.344
882,55.344
883,55.344
884,55.344
885,55.344
886,55.344
887,55.344
888,55.344
889,55.344
890,55.344
891,55.344
892,55.344
893,55.344
894,55.344
895,55.344
896,55.344
897,55.344
898,55.344
899,55.344
900,55.344
901,55.344
902,55.344
903,55.344
904,55.344
905,55.344
906,55.344
907,55.344
908,55.344
909,55.344
910,55.344
911,55.344
912,55.344
913,55.344
914,55.344
915,55.344
916,55.344
917,55.344
918,55.344
919,55.344
920,55.344
921,55.344
922,55.344
923,55.344
924,55.344
925,55.287
926,55.287
927,55.287
928,55.287
929,55.287
930,55.287
931,55.287
932,55.287
933,55.287
934,55.287
935,55.287
936,55.287
937,55.287
938,55.287
939,55.287
940,55.287
941,55.287
942,55.287
943,55.287
944,55.287
945,55.287
946,55.287
947,55.287
948,55.287
949,55.287
950,55.287
951,55.287
952,55.287
953,55.287
954,55.287
955,55.287
956,55.287
957,55.287
958,55.287
959,55.287
960,55.287
961,55.287
962,55.287
963,55.287
964,55.287
965,55.287
966,55.287
967,55.287
968,55.287
969,55.287
970,55.287
971,55.287
972,55.287
973,55.287
974,55.287
975,55.287
976,55.287
977,55.287
978,55.287
979,55.287
980,55.287
981,55.287
982,55.287
983,55.287
984,55.287
985,55.287
986,55.287
987,55.287
988,55.287
989,55.287
990,55.287
991,55.287
992,55.287
993,55.287
994,55.287
995,55.287
996,55.287
997,55.287
998,55.287
999,55.287
1000,55.287
1001,55.287
1002,55.287
1003,55.287
1004,55.287
1005,55.287
1006,55.287
1007,55.287
1008,55.287
1009,55.287
1010,55.287
1011,55.287
1012,55.287
1013,55.287
1014,55.287
1015,55.287
1016,55.287
1017,55.287
1018,55.287
1019,55.287
1020,55.287
1021,55.287
1022,55.287
1023,55.287
1024,55.287
1025,55.287
1026,55.287
1027,55.287
1028,55.287
1029,55.287
1030,55.287
1031,55.287
1032,55.287
1033,55.287
1034,55.287
1035,55.287
1036,55.287
1037,55.287
1038,55.287
1039,55.287
1040,55.287
1041,55.287
1042,55.287
1043,55.287
1044,55.287
1045,55.287
1046,55.287
1047,55.287
1048,55.287
1049,55.287
1050,55.287
1051,55.287
1052,55.287
1053,55.287
1054,55.287
1055,55.287
1056,55.287
1057,55.287
1058,55.287
1059,55.287
1060,55.287
1061,55.287
1062,55.287
1063,55.287
1064,55.287
1065,55.287
1066,55.287
1067,55.287
1068,55.287
1069,55.287
1070,55.287
1071,55.287
1072,55.287
1073,55.287
1074,55.287
1075,55.287
1076,55.287
1077,55.287
1078,55.287
1079,55.287
1080,55.287
1081,55.287
1082,55.287
1083,55.287
1084,55.287
1085,55.287
1086,55.287
1087,55.287
1088,55.287
1089,55.287
1090,55.287
1091,55.287
1092,55.287
1093,55.287
1094,55.287
1095,55.287
1096,55.287
1097,55.287
1098,55.287
1099,55.287
1100,55.287
1101,55.287
1102,55.287
1103,55.287
1104,55.287
1105,55.287
1106,55.287
1107,55.287
1108,55.287
1109,55.287
1110,55.287
1111,55.287
1112,55.287
1113,55.287
1114,55.287
1115,55.287
1116,55.287
1117,55.287
1118,55.287
1119,55.287
1120,55.287
1121,55.287
1122,55.287
1123,55.287
1124,55.344
1125,55.344
1126,55.344
1127,55.344
1128,55.344
1129,55.344
1130,55.344
1131,55.344
1132,55.344
1133,55.344
1134,55.344
1135,55.344
1136,55.344
1137,55.344
1138,55.344
1139,55.344
1140,55.344
1141,55.344
1142,55.344
1143,55.344
1144,55.344
1145,55.344
1146,55.344
1147,55.344
1148,55.344
1149,55.344
1150,55.344
1151,55.344
1152,55.344
1153,55.344
1154,55.344
1155,55.344
1156,55.344
1157,55.344
1158,55.344
1159,55.344
1160,55.344
1161,55.344
1162,55.344
1163,55.344
1164,55.344
1165,55.344
1166,55.344
1167,55.344
1168,55.344
1169,55.344
1170,55.344
1171,55.344
1172,55.344
1173,55.344
1174,55.344
1175,55.344
1176,55.344
1177,55.344
1178,55.344
1179,55.344
1180,55.344
1181,55.344
1182,55.344
1183,55.344
1184,55.344
1185,55.344
1186,55.344
1187,55.344
1188,55.344
1189,55.344
1190,55.344
1191,55.344
1192,55.344
1193,55.344
1194,55.344
1195,55.344
1196,55.344
1197,55.344
1198,55.344
1199,55.344
1200,55.344
1201,55.344
1202,55.344
1203,55.344
1204,55.344
1205,55.344
1206,55.344
1207,55.344
1208,55.344
1209,55.344
1210,55.344
1211,55.344
1212,55.344
1213,55.344
1214,55.344
1215,55.344
1216,55.344
1217,55.344
1218,55.344
1219,55.344
1220,55.344
1221,55.344
1222,55.344
1223,55.344
1224,55.287
1225,55.287
1226,55.287
1227,55.287
1228,55.287
1229,55.287
1230,55.287
1231,55.287
1232,55.287
1233,55.287
1234,55.287
1235,55.287
1236,55.287
1237,55.287
1238,55.287
1239,55.287
1240,55.287
1241,55.287
1242,55.287
1243,55.287
1244,55.287
1245,55.287
1246,55.287
1247,55.287
1248,55.287
1249,55.287
1250,55.287
1251,55.287
1252,55.287
1253,55.287
1254,55.287
1255,55.287
1256,55.287
1257,55.287
1258,55.287
1259,55.287
1260,55.287
1261,55.287
1262,55.287
1263,55.287
1264,55.287
1265,55.287
1266,55.287
1267,55.287
1268,55.287
1269,55.287
1270,55.287
1271,55.287
1272,55.287
1273,55.287
1274,55.287
1275,55.287
1276,55.287
1277,55.287
1278,55.287
1279,55.287
1280,55.287
1281,55.287
1282,55.287
1283,55.287
1284,55.287
1285,55.287
1286,55.287
1287,55.287
1288,55.287
1289,55.287
1290,55.287
1291,55.287
1292,55.287
1293,55.287
1294,55.287
1295,55.287
1296,55.287
1297,55.287
1298,55.287
1299,55.287
1300,55.287
1301,55.287
1302,55.287
1303,55.287
1304,55.287
1305,55.287
1306,55.287
1307,55.287
1308,55.287
1309,55.287
1310,55.287
1311,55.287
1312,55.287
1313,55.287
1314,55.287
1315,55.287
1316,55.287
1317,55.287
1318,55.287
1319,55.287
1320,55.287
1321,55.287
1322,55.287
1323,55.287
1324,55.287
1325,55.287
1326,55.287
1327,55.287
1328,55.287
1329,55.287
1330,55.287
1331,55.287
1332,55.287
1333,55.287
1334,55.287
1335,55.287
1336,55.287
1337,55.287
1338,55.287
1339,55.287
1340,55.287
1341,55.287
1342,55.287
1343,55.287
1344,55.287
1345,55.287
1346,55.287
1347,55.287
1348,55.287
1349,55.287
1350,55.287
1351,55.287
1352,55.287
1353,55.287
1354,55.287
1355,55.287
1356,55.287
1357,55.287
1358,55.287
1359,55.287
1360,55.287
1361,55.287
1362,55.287
1363,55.287
1364,55.287
1365,55.287
1366,55.287
1367,55.287
1368,55.287
1369,55.287
1370,55.287
1371,55.287
1372,55.287
1373,55.287
1374,55.287
1375,55.287
1376,55.287
1377,55.287
1378,55.287
1379,55.287
1380,55.287
1381,55.287
1382,55.287
1383,55.287
1384,55.287
1385,55.287
1386,55.287
1387,55.287
1388,55.287
1389,55.287
1390,55.287
1391,55.287
1392,55.287
1393,55.287
1394,55.287
1395,55.287
1396,55.287
1397,55.287
1398,55.287
1399,55.287
1400,55.287
1401,55.287
1402,55.287
1403,55.287
1404,55.287
1405,55.287
1406,55.287
1407,55.287
1408,55.287
1409,55.287
1410,55.287
1411,55.287
1412,55.287
1413,55.287
1414,55.287
1415,55.287
1416,55.287
1417,55.287
1418,55.287
1419,55.287
1420,55.287
1421,55.287
1422,55.287
1423,55.287
1424,55.344
1425,55.344
1426,55.344
1427,55.344
1428,55.344
1429,55.344
1430,55.344
1431,55.344
1432,55.344
1433,55.344
1434,55.344
1435,55.344
1436,55.344
1437,55.344
1438,55.344
1439,55.344
1440,55.344
1441,55.344
1442,55.344
1443,55.344
1444,55.344
1445,55.344
1446,55.344
1447,55.344
1448,55.344
1449,55.344
1450,55.344
1451,55.344
1452,55.344
1453,55.344
1454,55.344
1455,55.344
1456,55.344
1457,55.344
1458,55.344
1459,55.344
1460,55.344
1461,55.344
1462,55.344
1463,55.344
1464,55.344
1465,55.344
1466,55.344
1467,55.344
1468,55.344
1469,55.344
1470,55.344
1471,55.344
1472,55.344
1473,55.344
1474,55.344
1475,55.344
1476,55.344
1477,55.344
1478,55.344
1479,55.344
1480,55.344
1481,55.344
1482,55.344
1483,55.344
1484,55.344
1485,55.344
1486,55.344
1487,55.344
1488,55.344
1489,55.344
1490,55.344
1491,55.344
1492,55.344
1493,55.344
1494,55.344
1495,55.344
1496,55.344
1497,55.344
1498,55.344
1499,55.344
1500,55.344
1501,55.344
1502,55.344
1503,55.344
1504,55.344
1505,55.344
1509,55.344
1509,55.344
1509,55.344
1509,55.344
1510,55.344
1511,55.344
1512,55.344
1513,55.344
1514,55.344
1515,55.344
1516,55.344
1517,55.344
1518,55.344
1519,55.344
1520,55.344
1521,55.344
1522,55.344
1523,55.344
1524,55.344
1525,55.344
1526,55.344
1527,55.344
1528,55.344
1529,55.344
1530,55.344
1531,55.344
1532,55.344
1533,55.344
1534,55.344
1535,55.344
1536,55.344
1537,55.344
1538,55.344
1539,55.344
1540,55.344
1541,55.344
1542,55.344
1543,55.344
1544,55.344
1545,55.344
1546,55.344
1547,55.344
1548,55.344
1549,55.344
1550,55.344
1551,55.344
1552,55.344
1553,55.344
1554,55.344
1555,55.344
1556,55.344
1557,55.344
1558,55.344
1559,55.344
1560,55.344
1561,55.344
1562,55.344
1563,55.344
1564,55.344
1565,55.344
1566,55.344
1567,55.344
1568,55.344
1569,55.344
1570,55.344
1571,55.344
1572,55.344
1573,55.344
1574,55.344
1575,55.344
1576,55.344
1577,55.344
1578,55.344
1579,55.344
1580,55.344
1581,55.344
1582,55.344
1583,55.344
1584,55.344
1585,55.344
1586,55.344
1587,55.344
1588,55.344
1589,55.344
1590,55.344
1591,55.344
1592,55.344
1593,55.344
1594,55.344
1595,55.344
1596,55.344
1597,55.344
1598,55.344
1599,55.344
1600,55.344
1601,55.344
1602,55.344
1603,55.344
1604,55.344
1605,55.344
1606,55.344
1607,55.344
1608,55.344
1609,55.344
1610,55.344
1611,55.344
1612,55.344
1613,55.344
1614,55.344
1615,55.344
1616,55.344
1617,55.344
1618,55.344
1619,55.344
1620,55.344
1621,55.344
1622,55.344
1623,55.344
1624,55.401
1625,55.401
1626,55.401
1627,55.401
1628,55.401
1629,55.401
1630,55.401
1631,55.401
1632,55.401
1633,55.401
1634,55.401
1635,55.401
1636,55.401
1637,55.401
1638,55.401
1639,55.401
1640,55.401
1641,55.401
1642,55.401
1643,55.401
1644,55.401
1645,55.401
1646,55.401
1647,55.401
1648,55.401
1649,55.401
1650,55.401
1651,55.401
1652,55.401
1653,55.401
1654,55.401
1655,55.401
1656,55.401
1657,55.401
1658,55.401
1659,55.401
1660,55.401
1661,55.401
1662,55.401
1663,55.401
1664,55.401
1665,55.401
1666,55.401
1667,55.401
1668,55.401
1669,55.401
1670,55.401
1671,55.401
1672,55.401
1673,55.401
1674,55.401
1675,55.401
1676,55.401
1677,55.401
1678,55.401
1679,55.401
1680,55.401
1681,55.401
1682,55.401
1683,55.401
1684,55.401
1685,55.401
1686,55.401
1687,55.401
1688,55.401
1689,55.401
1690,55.401
1691,55.401
1692,55.401
1693,55.401
1694,55.401
1695,55.401
1696,55.401
1697,55.401
1698,55.401
1699,55.401
1700,55.401
1701,55.401
1702,55.401
1703,55.401
1704,55.401
1705,55.401
1706,55.401
1707,55.401
1708,55.401
1709,55.401
1710,55.401
1711,55.401
1712,55.401
1713,55.401
1714,55.401
1715,55.401
1716,55.401
1717,55.401
1718,55.401
1719,55.401
1720,55.401
1721,55.401
1722,55.401
1723,55.401
1724,55.344
1725,55.344
1726,55.344
1727,55.344
1728,55.344
1729,55.344
1730,55.344
1731,55.344
1732,55.344
1733,55.344
1734,55.344
1735,55.344
1736,55.344
1737,55.344
1738,55.344
1739,55.344
1740,55.344
1741,55.344
1742,55.344
1743,55.344
1744,55.344
1745,55.344
1746,55.344
1747,55.344
1748,55.344
1749,55.344
1750,55.344
1751,55.344
1752,55.344
1753,55.344
1754,55.344
1755,55.344
1756,55.344
1757,55.344
1758,55.344
1759,55.344
1760,55.344
1761,55.344
1762,55.344
1763,55.344
1764,55.344
1765,55.344
1766,55.344
1767,55.344
1768,55.344
1769,55.344
1770,55.344
1771,55.344
1772,55.344
1773,55.344
1774,55.344
1775,55.344
1776,55.344
1777,55.344
1778,55.344
1779,55.344
1780,55.344
1781,55.344
1782,55.344
1783,55.344
1784,55.344
1785,55.344
1786,55.344
1787,55.344
1788,55.344
1789,55.344
1790,55.344
1791,55.344
1792,55.344
1793,55.344
1794,55.344
1795,55.344
1796,55.344
1797,55.344
1798,55.344
1799,55.344
1800,55.344
1801,55.344
1802,55.344
1803,55.344
1804,55.344
1805,55.344
1806,55.344
1807,55.344
1808,55.344
1809,55.344
1810,55.344
1811,55.344
1812,55.344
1813,55.344
1814,55.344
1815,55.344
1816,55.344
1817,55.344
1818,55.344
1819,55.344
1820,55.344
1821,55.344
1822,55.344
1823,55.344
1824,55.287
1825,55.287
1826,55.287
1827,55.287
1828,55.287
1829,55.287
1830,55.287
1831,55.287
1832,55.287
1833,55.287
1834,55.287
1835,55.287
1836,55.287
1837,55.287
1838,55.287
1839,55.287
1840,55.287
1841,55.287
1842,55.287
1843,55.287
1844,55.287
1845,55.287
1846,55.287
1847,55.287
1848,55.287
1849,55.287
1850,55.287
1851,55.287
1852,55.287
1853,55.287
1854,55.287
1855,55.287
1856,55.287
1857,55.287
1858,55.287
1859,55.287
1860,55.287
1861,55.287
1862,55.287
1863,55.287
1864,55.287
1865,55.287
1866,55.287
1867,55.287
1868,55.287
1869,55.287
1870,55.287
1871,55.287
1872,55.287
1873,55.287
1874,55.287
1875,55.287
1876,55.287
1877,55.287
1878,55.287
1879,55.287
1880,55.287
1881,55.287
1882,55.287
1883,55.287
1884,55.287
1885,55.287
1886,55.287
1887,55.287
1888,55.287
1889,55.287
1890,55.287
1891,55.287
1892,55.287
1893,55.287
1894,55.287
1895,55.287
1896,55.287
1897,55.287
1898,55.287
1899,55.287
1900,55.287
1901,55.287
1902,55.287
1903,55.287
1904,55.287
1905,55.287
1906,55.287
1907,55.287
1908,55.287
1909,55.287
1910,55.287
1911,55.287
1912,55.287
1913,55.287
1914,55.287
1915,55.287
1916,55.287
1917,55.287
1918,55.287
1919,55.287
1920,55.287
1921,55.287
1922,55.287
1923,55.287
1924,55.287
1925,55.287
1926,55.287
1927,55.287
1928,55.287
1929,55.287
1930,55.287
1931,55.287
1932,55.287
1933,55.287
1934,55.287
1935,55.287
1936,55.287
1937,55.287
1938,55.287
1939,55.287
1940,55.287
1941,55.287
1942,55.287
1943,55.287
1944,55.287
1945,55.287
1946,55.287
1947,55.287
1948,55.287
1949,55.287
1950,55.287
1951,55.287
1952,55.287
1953,55.287
1954,55.287
1955,55.287
1956,55.287
1957,55.287
1958,55.287
1959,55.287
1960,55.287
1961,55.287
1962,55.287
1963,55.287
1964,55.287
1965,55.287
1966,55.287
1967,55.287
1968,55.287
1969,55.287
1970,55.287
1971,55.287
1972,55.287
1973,55.287
1974,55.287
1975,55.287
1976,55.287
1977,55.287
1978,55.287
1979,55.287
1980,55.287
1981,55.287
1982,55.287
1983,55.287
1984,55.287
1985,55.287
1986,55.287
1987,55.287
1988,55.287
1989,55.287
1990,55.287
1991,55.287
1992,55.287
1993,55.287
1994,55.287
1995,55.287
1996,55.287
1997,55.287
1998,55.287
1999,55.287
2000,55.287
2001,55.287
2002,55.287
2003,55.287
2004,55.287
2005,55.287
2006,55.287
2007,55.287
2008,55.287
2009,55.287
2010,55.287
2011,55.287
2012,55.287
2013,55.287
2014,55.287
2015,55.287
2016,55.287
2017,55.287
2018,55.287
2019,55.287
2020,55.287
2021,55.287
2022,55.287
2023,55.287
2024,55.287
2025,55.287
2026,55.287
2027,55.287
2028,55.287
2029,55.287
2030,55.287
2031,55.287
2032,55.287
2033,55.287
2034,55.287
2035,55.287
2036,55.287
2037,55.287
2038,55.287
2039,55.287
2040,55.287
2041,55.287
2042,55.287
2043,55.287
2044,55.287
2045,55.287
2046,55.287
2047,55.287
2048,55.287
2049,55.287
2050,55.287
2051,55.287
2052,55.287
2053,55.287
2054,55.287
2055,55.287
2056,55.287
2057,55.287
2058,55.287
2059,55.287
2060,55.287
2061,55.287
2062,55.287
2063,55.287
2064,55.287
2065,55.287
2066,55.287
2067,55.287
2068,55.287
2069,55.287
2070,55.287
2071,55.287
2072,55.287
2073,55.287
2074,55.287
2075,55.287
2076,55.287
2077,55.287
2078,55.287
2079,55.287
2080,55.287
2081,55.287
2082,55.287
2083,55.287
2084,55.287
2085,56.166
2086,56.166
2087,56.166
2088,56.166
2089,56.166
2090,56.166
2091,56.166
2092,56.166
2093,56.166
2094,56.166
2095,56.166
2096,56.166
2097,56.166
2098,56.166
2099,56.166
2100,56.166
2101,56.166
2102,56.166
2103,56.166
2104,56.166
2105,56.166
2106,56.166
2107,56.166
2108,56.166
2109,56.166
2110,56.166
2111,56.166
2112,56.166
2113,56.166
2114,56.166
2115,56.166
2116,56.166
2117,56.166
2118,56.166
2119,56.166
2120,56.166
2121,56.166
2122,56.166
2123,56.166
2124,56.166
2125,56.166
2126,56.166
2127,56.166
2128,56.166
2129,56.166
2130,56.166
2131,56.166
2132,56.166
2133,56.166
2134,56.166
2135,56.166
2136,56.166
2137,56.166
2138,56.166
2139,56.166
2140,56.166
2141,56.166
2142,56.166
2143,56.166
2144,56.166
2145,56.166
2146,56.166
2147,56.166
2148,56.166
2149,56.166
2150,56.166
2151,56.166
2152,56.166
2153,56.166
2154,56.166
2155,56.166
2156,56.166
2157,56.166
2158,56.166
2159,56.166
2160,56.166
2161,56.166
2162,56.166
2163,56.166
2164,56.166
2165,56.166
2166,56.166
2167,56.166
2168,56.166
2169,56.166
2170,56.166
2171,56.166
2172,56.166
2173,56.166
2174,56.166
2175,56.166
2176,56.166
2177,56.166
2178,56.166
2179,56.166
2180,56.166
2181,56.166
2182,56.166
2183,56.166
2184,56.166
2185,56.166
2186,56.166
2187,56.166
2188,56.166
2189,56.166
2190,56.166
2191,56.166
2192,56.166
2193,56.166
2194,56.166
2195,56.166
2196,56.166
2197,56.166
2198,56.166
2199,56.166
2200,56.166
2201,56.166
2202,56.166
2203,56.166
2204,56.166
2205,56.166
2206,56.166
2207,56.166
2208,56.166
2209,56.166
2210,56.166
2211,56.166
2212,56.166
2213,56.166
2214,56.166
2215,56.166
2216,56.166
2217,56.166
2218,56.166
2219,56.166
2220,56.166
2221,56.166
2222,56.166
2223,56.166
2224,56.166
2225,56.166
2226,56.166
2227,56.166
2228,56.166
2229,56.166
2230,56.166
2231,56.166
2232,56.166
2233,56.166
2234,56.166
2235,56.166
2236,56.166
2237,56.166
2238,56.166
2239,56.166
2240,56.166
2241,56.166
2242,56.166
2243,56.166
2244,56.166
2245,56.166
2246,56.166
2247,56.166
2248,56.166
2249,56.166
2250,56.166
2251,56.166
2252,56.166
2253,56.166
2254,56.166
2255,56.166
2256,56.166
2257,56.166
2258,56.166
2259,56.166
2260,56.166
2261,56.166
2262,56.166
2263,56.166
2264,56.166
2265,56.166
2266,56.166
2267,56.166
2268,56.166
2269,56.166
2270,56.166
2271,56.166
2272,56.166
2273,56.166
2274,56.166
2275,56.166
2276,56.166
2277,56.166
2278,56.166
2279,56.166
2280,56.166
2281,56.166
2282,56.166
2283,56.166
2284,56.166
2285,56.166
2286,56.166
2287,56.166
2288,56.166
2289,56.166
2290,56.166
2291,56.166
2292,56.166
2293,56.166
2294,56.166
2295,56.166
2296,56.166
2297,56.166
2298,56.166
2299,56.166
2300,56.166
2301,56.166
2302,56.166
2303,56.166
2304,56.166
2305,56.166
2306,56.166
2307,56.166
2308,56.166
2309,56.166
2310,56.166
2311,56.166
2312,56.166
2313,56.166
2314,56.166
2315,56.166
2316,56.166
2317,56.166
2318,56.166
2319,56.166
2320,56.166
2321,56.166
2322,56.166
2323,56.166
2324,56.166
2325,56.166
2326,56.166
2327,56.166
2328,56.166
2329,56.166
2330,56.166
2331,56.166
2332,56.166
2333,56.166
2334,56.166
2335,56.166
2336,56.166
2337,56.166
2338,56.166
2339,56.166
2340,56.166
2341,56.166
2342,56.166
2343,56.166
2344,56.166
2345,56.166
2346,56.166
2347,56.166
2348,56.166
2349,56.166
2350,56.166
2351,56.166
2352,56.166
2353,56.166
2354,56.166
2355,56.166
2356,56.166
2357,56.166
2358,56.166
2359,56.166
2360,56.166
2361,56.166
2362,56.166
2363,56.166
2364,56.166
2365,56.166
2366,56.166
2367,56.166
2368,56.166
2369,56.166
2370,56.166
2371,56.166
2372,56.166
2373,56.166
2374,56.166
2375,56.166
2376,56.166
2377,56.166
2378,56.166
2379,56.166
2380,56.166
2381,56.166
2382,56.166
2383,56.166
2384,56.166
2385,56.166
2386,56.166
2387,56.166
2388,56.166
2389,56.166
2390,56.166
2391,56.166
2392,56.166
2393,56.166
2394,56.166
2395,56.166
2396,56.166
2397,56.166
2398,56.166
2399,56.166
2400,56.166
2401,56.166
2402,56.166
2403,56.166
2404,56.166
2405,56.166
2406,56.166
2407,56.166
2408,56.166
2409,56.166
2410,56.166
2411,56.166
2412,56.166
2413,56.166
2414,56.166
2415,56.166
2416,56.166
2417,56.166
2418,56.166
2419,56.166
2420,56.166
2421,56.166
2422,56.166
2423,56.166
2424,56.166
2425,56.166
2426,56.166
2427,56.166
2428,56.166
2429,56.166
2430,56.166
2431,56.166
2432,56.166
2433,56.166
2434,88.757
2435,88.757
2436,88.757
2437,88.757
2438,88.757
2439,88.757
2440,88.757
2441,88.757
2442,88.757
2443,88.757
2444,88.757
2445,88.757
2446,88.757
2447,88.757
2448,88.757
2449,88.757
2450,88.757
2451,88.757
2452,88.757
2453,88.757
2454,88.757
2455,88.757
2456,88.757
2457,88.757
2458,88.757
2459,88.757
2460,88.757
2461,88.757
2462,88.757
2463,88.757
2464,88.757
2465,88.757
2466,88.757
2467,88.757
2468,88.757
2469,88.757
2470,88.757
2471,88.757
2472,88.757
2473,88.757
2474,88.757
2475,88.757
2476,88.757
2477,88.757
2478,88.757
2479,88.757
2480,88.757
2481,88.757
2482,88.757
2483,88.757
2484,88.757
2485,88.757
2486,88.757
2487,88.757
2488,88.757
2489,88.757
2490,88.757
2491,88.757
2492,88.757
2493,88.757
2494,88.757
2495,88.757
2496,88.757
2497,88.757
2498,88.757
2499,88.757
2500,88.757
2501,88.757
2502,88.757
2503,88.757
2504,88.757
2505,88.757
2506,88.757
2507,88.757
2508,88.757
2509,88.757
2510,88.757
2511,88.757
2512,88.757
2513,88.757
2514,88.757
2515,88.757
2516,88.757
2517,88.757
2518,88.757
2519,88.757
2520,88.757
2521,88.757
2522,88.757
2523,88.757
2524,88.757
2525,88.757
2526,88.757
2527,88.757
2528,88.757
2529,88.757
2530,88.757
2531,88.757
2532,88.757
2533,88.757
2534,81.378
2535,81.378
2536,81.378
2537,81.378
2538,81.378
2539,81.378
2540,81.378
2541,81.378
2542,81.378
2543,81.378
2544,81.378
2545,81.378
2546,81.378
2547,81.378
2548,81.378
2549,81.378
2550,81.378
2551,81.378
2552,81.378
2553,81.378
2554,81.378
2555,81.378
2556,81.378
2557,81.378
2558,81.378
2559,81.378
2560,81.378
2561,81.378
2562,81.378
2563,81.378
2564,81.378
2565,81.378
2566,81.378
2567,81.378
2568,81.378
2569,81.378
2570,81.378
2571,81.378
2572,81.378
2573,81.378
2574,81.378
2575,81.378
2576,81.378
2577,81.378
2578,81.378
2579,81.378
2580,81.378
2581,81.378
2582,81.378
2583,81.378
2584,81.378
2585,81.378
2586,81.378
2587,81.378
2588,81.378
2589,81.378
2590,81.378
2591,81.378
2592,81.378
2593,81.378
2594,81.378
2595,81.378
2596,81.378
2597,81.378
2598,81.378
2599,81.378
2600,81.378
2601,81.378
2602,81.378
2603,81.378
2604,81.378
2605,81.378
2606,81.378
2607,81.378
2608,81.378
2609,81.378
2610,81.378
2611,81.378
2612,81.378
2613,81.378
2614,81.378
2615,81.378
2616,81.378
2617,81.378
2618,81.378
2619,81.378
2620,81.378
2621,81.378
2622,81.378
2623,81.378
2624,81.378
2625,81.378
2626,81.378
2627,81.378
2628,81.378
2629,81.378
2630,81.378
2631,81.378
2632,81.378
2633,81.378
2634,81.294
2635,81.294
2636,81.294
2637,81.294
2638,81.294
2639,81.294
2640,81.294
2641,81.294
2642,81.294
2643,81.294
2644,81.294
2645,81.294
2646,81.294
2647,81.294
2648,81.294
2649,81.294
2650,81.294
2651,81.294
2652,81.294
2653,81.294
2654,81.294
2655,81.294
2656,81.294
2657,81.294
2658,81.294
2659,81.294
2660,81.294
2661,81.294
2662,81.294
2663,81.294
2664,81.294
2665,81.294
2666,81.294
2667,81.294
2668,81.294
2669,81.294
2670,81.294
2671,81.294
2672,81.294
2673,81.294
2674,81.294
2675,81.294
2676,81.294
2677,81.294
2678,81.294
2679,81.294
2680,81.294
2681,81.294
2682,81.294
2683,81.294
2684,81.294
2685,81.294
2686,81.294
2687,81.294
2688,81.294
2689,81.294
2690,81.294
2691,81.294
2692,81.294
2693,81.294
2694,81.294
2695,81.294
2696,81.294
2697,81.294
2698,81.294
2699,81.294
2700,81.294
2701,81.294
2702,81.294
2703,81.294
2704,81.294
2705,81.294
2706,81.294
2707,81.294
2708,81.294
2709,81.294
2710,81.294
2711,81.294
2712,81.294
2713,81.294
2714,81.294
2715,81.294
2716,81.294
2717,81.294
2718,81.294
2719,81.294
2720,81.294
2721,81.294
2722,81.294
2723,81.294
2724,81.294
2725,81.294
2726,81.294
2727,81.294
2728,81.294
2729,81.294
2730,81.294
2731,81.294
2732,81.294
2733,81.294
2734,81.294
2735,81.378
2736,81.378
2737,81.378
2738,81.378
2739,81.378
2740,81.378
2741,81.378
2742,81.378
2743,81.378
2744,81.378
2745,81.378
2746,81.378
2747,81.378
2748,81.378
2749,81.378
2750,81.378
2751,81.378
2752,81.378
2753,81.378
2754,81.378
2755,81.378
2756,81.378
2757,81.378
2758,81.378
2759,81.378
2760,81.378
2761,81.378
2762,81.378
2763,81.378
2764,81.378
2765,81.378
2766,81.378
2767,81.378
2768,81.378
2769,81.378
2770,81.378
2771,81.378
2772,81.378
2773,81.378
2774,81.378
2775,81.378
2776,81.378
2777,81.378
2778,81.378
2779,81.378
2780,81.378
2781,81.378
2782,81.378
2783,81.378
2784,81.378
2785,81.378
2786,81.378
2787,81.378
2788,81.378
2789,81.378
2790,81.378
2791,81.378
2792,81.378
2793,81.378
2794,81.378
2795,81.378
2796,81.378
2797,81.378
2798,81.378
2799,81.378
2800,81.378
2801,81.378
2802,81.378
2803,81.378
2804,81.378
2805,81.378
2806,81.378
2807,81.378
2808,81.378
2809,81.378
2810,81.378
2811,81.378
2812,81.378
2813,81.378
2814,81.378
2815,81.378
2816,81.378
2817,81.378
2818,81.378
2819,81.378
2820,81.378
2821,81.378
2822,81.378
2823,81.378
2824,81.378
2825,81.378
2826,81.378
2827,81.378
2828,81.378
2829,81.378
2830,81.378
2831,81.378
2832,81.378
2833,81.378
2834,81.378
2835,81.378
2836,81.378
2837,81.378
2838,81.378
2839,81.378
2840,81.378
2841,81.378
2842,81.378
2843,81.378
2844,81.378
2845,81.378
2846,81.378
2847,81.378
2848,81.378
2849,81.378
2850,81.378
2851,81.378
2852,81.378
2853,81.378
2854,81.378
2855,81.378
2856,81.378
2857,81.378
2858,81.378
2859,81.378
2860,81.378
2861,81.378
2862,81.378
2863,81.378
2864,81.378
2865,81.378
2866,81.378
2867,81.378
2868,81.378
2869,81.378
2870,81.378
2871,81.378
2872,81.378
2873,81.378
2874,81.378
2875,81.378
2876,81.378
2877,81.378
2878,81.378
2879,81.378
2880,81.378
2881,81.378
2882,81.378
2883,81.378
2884,81.378
2885,81.378
2886,81.378
2887,81.378
2888,81.378
2889,81.378
2890,81.378
2891,81.378
2892,81.378
2893,81.378
2894,81.378
2895,81.378
2896,81.378
2897,81.378
2898,81.378
2899,81.378
2900,81.378
2901,81.378
2902,81.378
2903,81.378
2904,81.378
2905,81.378
2906,81.378
2907,81.378
2908,81.378
2909,81.378
2910,81.378
2911,81.378
2912,81.378
2913,81.378
2914,81.378
2915,81.378
2916,81.378
2917,81.378
2918,81.378
2919,81.378
2920,81.378
2921,81.378
2922,81.378
2923,81.378
2924,81.378
2925,81.378
2926,81.378
2927,81.378
2928,81.378
2929,81.378
2930,81.378
2931,81.378
2932,81.378
2933,81.378
2934,81.378
2935,81.788
2936,81.788
2937,81.788
2938,81.788
2939,81.788
2940,81.788
2941,81.788
2942,81.788
2943,81.788
2944,81.788
2945,81.788
2946,81.788
2947,81.788
2948,81.788
2949,81.788
2950,81.788
2951,81.788
2952,81.788
2953,81.788
2954,81.788
2955,81.788
2956,81.788
2957,81.788
2958,81.788
2959,81.788
2960,81.788
2961,81.788
2962,81.788
2963,81.788
2964,81.788
2965,81.788
2966,81.788
2967,81.788
2968,81.788
2969,81.788
2970,81.788
2971,81.788
2972,81.788
2973,81.788
2974,81.788
2975,81.788
2976,81.788
2977,81.788
2978,81.788
2979,81.788
2980,81.788
2981,81.788
2982,81.788
2983,81.788
2984,81.788
2985,81.788
2986,81.788
2987,81.788
2988,81.788
2989,81.788
2990,81.788
2991,81.788
2992,81.788
2993,81.788
2994,81.788
2995,81.788
2996,81.788
2997,81.788
2998,81.788
2999,81.788
3000,81.788
3001,81.788
3002,81.788
3003,81.788
3004,81.788
3005,81.788
3006,81.788
3007,81.788
3008,81.788
3009,81.788
3010,81.788
3011,81.788
3012,81.788
3013,81.788
3014,81.788
3015,81.788
3016,81.788
3017,81.788
3018,81.788
3019,81.788
3020,81.788
3021,81.788
3022,81.788
3023,81.788
3024,81.788
3025,81.788
3026,81.788
3027,81.788
3028,81.788
3029,81.788
3030,81.788
3031,81.788
3032,81.788
3033,81.788
3034,81.788
3035,81.704
3036,81.704
3037,81.704
3038,81.704
3039,81.704
3040,81.704
3041,81.704
3042,81.704
3043,81.704
3044,81.704
3045,81.704
3046,81.704
3047,81.704
3048,81.704
3049,81.704
3050,81.704
3051,81.704
3052,81.704
3053,81.704
3054,81.704
3055,81.704
3056,81.704
3057,81.704
3058,81.704
3059,81.704
3060,81.704
3061,81.704
3062,81.704
3063,81.704
3064,81.704
3065,81.704
3066,81.704
3067,81.704
3068,81.704
3069,81.704
3070,81.704
3071,81.704
3072,81.704
3073,81.704
3074,81.704
3075,81.704
3076,81.704
3077,81.704
3078,81.704
3079,81.704
3080,81.704
3081,81.704
3082,81.704
3083,81.704
3084,81.704
3085,81.704
3086,81.704
3087,81.704
3088,81.704
3089,81.704
3090,81.704
3091,81.704
3092,81.704
3093,81.704
3094,81.704
3095,81.704
3096,81.704
3097,81.704
3098,81.704
3099,81.704
3100,81.704
3101,81.704
3102,81.704
3103,81.704
3104,81.704
3105,81.704
3106,81.704
3107,81.704
3108,81.704
3109,81.704
3110,81.704
3111,81.704
3112,81.704
3113,81.704
3114,81.704
3115,81.704
3116,81.704
3117,81.704
3118,81.704
3119,81.704
3120,81.704
3121,81.704
3122,81.704
3123,81.704
3124,81.704
3125,81.704
3126,81.704
3127,81.704
3128,81.704
3129,81.704
3130,81.704
3131,81.704
3132,81.704
3133,81.704
3134,81.704
3135,81.704
3136,81.704
3137,81.704
3138,81.704
3139,81.704
3140,81.704
3141,81.704
3142,81.704
3143,81.704
3144,81.704
3145,81.704
3146,81.704
3147,81.704
3148,81.704
3149,81.704
3150,81.704
3151,81.704
3152,81.704
3153,81.704
3154,81.704
3155,81.704
3156,81.704
3157,81.704
3158,81.704
3159,81.704
3160,81.704
3161,81.704
3162,81.704
3163,81.704
3164,81.704
3165,81.704
3166,81.704
3167,81.704
3168,81.704
3169,81.704
3170,81.704
3171,81.704
3172,81.704
3173,81.704
3174,81.704
3175,81.704
3176,81.704
3177,81.704
3178,81.704
3179,81.704
3180,81.704
3181,81.704
3182,81.704
3183,81.704
3184,81.704
3185,81.704
3186,81.704
3187,81.704
3188,81.704
3189,81.704
3190,81.704
3191,81.704
3192,81.704
3193,81.704
3194,81.704
3195,81.704
3196,81.704
3197,81.704
3198,81.704
3199,81.704
3200,81.704
3201,81.704
3202,81.704
3203,81.704
3204,81.704
3205,81.704
3206,81.704
3207,81.704
3208,81.704
3209,81.704
3210,81.704
3211,81.704
3212,81.704
3213,81.704
3214,81.704
3215,81.704
3216,81.704
3217,81.704
3218,81.704
3219,81.704
3220,81.704
3221,81.704
3222,81.704
3223,81.704
3224,81.704
3225,81.704
3226,81.704
3227,81.704
3228,81.704
3229,81.704
3230,81.704
3231,81.704
3232,81.704
3233,81.704
3234,81.704
3235,81.704
3236,81.976
3237,81.976
3238,81.976
3239,81.976
3240,81.976
3241,81.976
3242,81.976
3243,81.976
3244,81.976
3245,81.976
3246,81.976
3247,81.976
3248,81.976
3249,81.976
3250,81.976
3251,81.976
3252,81.976
3253,81.976
3254,81.976
3255,81.976
3256,81.976
3257,81.976
3258,81.976
3259,81.976
3260,81.976
3261,81.976
3262,81.976
3263,81.976
3264,81.976
3265,81.976
3266,81.976
3267,81.976
3268,81.976
3269,81.976
3270,81.976
3271,81.976
3272,81.976
3273,81.976
3274,81.976
3275,81.976
3276,81.976
3277,81.976
3278,81.976
3279,81.976
3280,81.976
3281,81.976
3282,81.976
3283,81.976
3284,81.976
3285,81.976
3286,81.976
3287,81.976
3288,81.976
3289,81.976
3290,81.976
3291,81.976
3292,81.976
3293,81.976
3294,81.976
3295,81.976
3296,81.976
3297,81.976
3298,81.976
3299,81.976
3300,81.976
3301,81.976
3302,81.976
3303,81.976
3304,81.976
3305,81.976
3306,81.976
3307,81.976
3308,81.976
3309,81.976
3310,81.976
3311,81.976
3312,81.976
3313,81.976
3314,81.976
3315,81.976
3316,81.976
3317,81.976
3318,81.976
3319,81.976
3320,81.976
3321,81.976
3322,81.976
3323,81.976
3324,81.976
3325,81.976
3326,81.976
3327,81.976
3328,81.976
3329,81.976
3330,81.976
3331,81.976
3332,81.976
3333,81.976
3334,81.976
3335,81.976
3336,81.976
3337,81.976
3338,81.976
3339,81.976
3340,81.976
3341,81.976
3342,81.976
3343,81.976
3344,81.976
3345,81.976
3346,81.976
3347,81.976
3348,81.976
3349,81.976
3350,81.976
3351,81.976
3352,81.976
3353,81.976
3354,81.976
3355,81.976
3356,81.976
3357,81.976
3358,81.976
3359,81.976
3360,81.976
3361,81.976
3362,81.976
3363,81.976
3364,81.976
3365,81.976
3366,81.976
3367,81.976
3368,81.976
3369,81.976
3370,81.976
3371,81.976
3372,81.976
3373,81.976
3374,81.976
3375,81.976
3376,81.976
3377,81.976
3378,81.976
3379,81.976
3380,81.976
3381,81.976
3382,81.976
3383,81.976
3384,81.976
3385,81.976
3386,81.976
3387,81.976
3388,81.976
3389,81.976
3390,81.976
3391,81.976
3392,81.976
3393,81.976
3394,81.976
3395,81.976
3396,81.976
3397,81.976
3398,81.976
3399,81.976
3400,81.976
3401,81.976
3402,81.976
3403,81.976
3404,81.976
3405,81.976
3406,81.976
3407,81.976
3408,81.976
3409,81.976
3410,81.976
3411,81.976
3412,81.976
3413,81.976
3414,81.976
3415,81.976
3416,81.976
3417,81.976
3418,81.976
3419,81.976
3420,81.976
3421,81.976
3422,81.976
3423,81.976
3424,81.976
3425,81.976
3426,81.976
3427,81.976
3428,81.976
3429,81.976
3430,81.976
3431,81.976
3432,81.976
3433,81.976
3434,81.976
3435,81.976
3436,81.976
3437,81.976
3438,81.976
3439,81.976
3440,81.976
3441,81.976
3442,81.976
3443,81.976
3444,81.976
3445,81.976
3446,81.976
3447,81.976
3448,81.976
3449,81.976
3450,81.976
3451,81.976
3452,81.976
3453,81.976
3454,81.976
3455,81.976
3456,81.976
3457,81.976
3458,81.976
3459,81.976
3460,81.976
3461,81.976
3462,81.976
3463,81.976
3464,81.976
3465,81.976
3466,81.976
3467,81.976
3468,81.976
3469,81.976
3470,81.976
3471,81.976
3472,81.976
3473,81.976
3474,81.976
3475,81.976
3476,81.976
3477,81.976
3478,81.976
3479,81.976
3480,81.976
3481,81.976
3482,81.976
3483,81.976
3484,81.976
3485,81.976
3486,81.976
3487,81.976
3488,81.976
3489,81.976
3490,81.976
3491,81.976
3492,81.976
3493,81.976
3494,81.976
3495,81.976
3496,81.976
3497,81.976
3498,81.976
3499,81.976
3500,81.976
3501,81.976
3502,81.976
3503,81.976
3504,81.976
3505,81.976
3506,81.976
3507,81.976
3508,81.976
3509,81.976
3510,81.976
3511,81.976
3512,81.976
3513,81.976
3514,81.976
3515,81.976
3516,81.976
3517,81.976
3518,81.976
3519,81.976
3520,81.976
3521,81.976
3522,81.976
3523,81.976
3524,81.976
3525,81.976
3526,81.976
3527,81.976
3528,81.976
3529,81.976
3530,81.976
3531,81.976
3532,81.976
3533,81.976
3534,81.976
3535,81.976
3536,81.976
3537,81.976
3538,81.976
3539,81.976
3540,81.976
3541,81.976
3542,81.976
3543,81.976
3544,81.976
3545,81.976
3546,81.976
3547,81.976
3548,81.976
3549,81.976
3550,81.976
3551,81.976
3552,81.976
3553,81.976
3554,81.976
3555,81.976
3556,81.976
3557,81.976
3558,81.976
3559,81.976
3560,81.976
3561,81.976
3562,81.976
3563,81.976
3564,81.976
3565,81.976
3566,81.976
3567,81.976
3568,81.976
3569,81.976
3570,81.976
3571,81.976
3572,81.976
3573,81.976
3574,81.976
3575,81.976
3576,81.976
3577,81.976
3578,81.976
3579,81.976
3580,81.976
3581,81.976
3582,81.976
3583,81.976
3584,81.976
3585,81.976
3586,81.976
3587,81.976
3588,81.976
3589,81.976
3590,81.976
3591,81.976
3592,81.976
3593,81.976
3594,81.976
3595,81.976
3596,81.976
3597,81.976
3598,81.976
3599,81.976
3600,81.976
3601,81.976
3602,81.976
3603,81.976
3604,81.976
3605,81.976
3606,81.976
3607,81.976
3608,81.976
3609,81.976
3610,81.976
3611,81.976
3612,81.976
3613,81.976
3614,81.976
3615,81.976
3616,81.976
3617,81.976
3618,81.976
3619,81.976
3620,81.976
3621,81.976
3622,81.976
3623,81.976
3624,81.976
3625,81.976
3626,81.976
3627,81.976
3628,81.976
3629,81.976
3630,81.976
3631,81.976
3632,81.976
3633,81.976
3634,81.976
3635,81.976
3636,81.976
3637,81.976
3638,81.976
3639,81.976
3640,81.976
3641,81.976
3642,81.976
3643,81.976
3644,81.976
3645,81.976
3646,81.976
3647,81.976
3648,81.976
3649,81.976
3650,81.976
3651,81.976
3652,81.976
3653,81.976
3654,81.976
3655,81.976
3656,81.976
3657,81.976
3658,81.976
3659,81.976
3660,81.976
3661,81.976
3662,81.976
3663,81.976
3664,81.976
3665,81.976
3666,81.976
3667,81.976
3668,81.976
3669,81.976
3670,81.976
3671,81.976
3672,81.976
3673,81.976
3674,81.976
3675,81.976
3676,81.976
3677,81.976
3678,81.976
3679,81.976
3680,81.976
3681,81.976
3682,81.976
3683,81.976
3684,81.976
3685,81.976
3686,81.976
3687,81.976
3688,81.976
3689,81.976
3690,81.976
3691,81.976
3692,81.976
3693,81.976
3694,81.976
3695,81.976
3696,81.976
3697,81.976
3698,81.976
3699,81.976
3700,81.976
3701,81.976
3702,81.976
3703,81.976
3704,81.976
3705,81.976
3706,81.976
3707,81.976
3708,81.976
3709,81.976
3710,81.976
3711,81.976
3712,81.976
3713,81.976
3714,81.976
3715,81.976
3716,81.976
3717,81.976
3718,81.976
3719,81.976
3720,81.976
3721,81.976
3722,81.976
3723,81.976
3724,81.976
3725,81.976
3726,81.976
3727,81.976
3728,81.976
3729,81.976
3730,81.976
3731,81.976
3732,81.976
3733,81.976
3734,81.976
3735,82.302
3736,82.302
3737,82.302
3738,82.302
3739,82.302
3740,82.302
3741,82.302
3742,82.302
3743,82.302
3744,82.302
3745,82.302
3746,82.302
3747,82.302
3748,82.302
3749,82.302
3750,82.302
3751,82.302
3752,82.302
3753,82.302
3754,82.302
3755,82.302
3756,82.302
3757,82.302
3758,82.302
3759,82.302
3760,82.302
3761,82.302
3762,82.302
3763,82.302
3764,82.302
3765,82.302
3766,82.302
3767,82.302
3768,82.302
3769,82.302
3770,82.302
3771,82.302
3772,82.302
3773,82.302
3774,82.302
3775,82.302
3776,82.302
3777,82.302
3778,82.302
3779,82.302
3780,82.302
3781,82.302
3782,82.302
3783,82.302
3784,82.302
3785,82.302
3786,82.302
3787,82.302
3788,82.302
3789,82.302
3790,82.302
3791,82.302
3792,82.302
3793,82.302
3794,82.302
3795,82.302
3796,82.302
3797,82.302
3798,82.302
3799,82.302
3800,82.302
3801,82.302
3802,82.302
3803,82.302
3804,82.302
3805,82.302
3806,82.302
3807,82.302
3808,82.302
3809,82.302
3810,82.302
3811,82.302
3812,82.302
3813,82.302
3814,82.302
3815,82.302
3816,82.302
3817,82.302
3818,82.302
3819,82.302
3820,82.302
3821,82.302
3822,82.302
3823,82.302
3824,82.302
3825,82.302
3826,82.302
3827,82.302
3828,82.302
3829,82.302
3830,82.302
3831,82.302
3832,82.302
3833,82.302
3834,82.302
3835,82.06
3836,82.06
3837,82.06
3838,82.06
3839,82.06
3840,82.06
3841,82.06
3842,82.06
3843,82.06
3844,82.06
3845,82.06
3846,82.06
3847,82.06
3848,82.06
3849,82.06
3850,82.06
3851,82.06
3852,82.06
3853,82.06
3854,82.06
3855,82.06
3856,82.06
3857,82.06
3858,82.06
3859,82.06
3860,82.06
3861,82.06
3862,82.06
3863,82.06
3864,82.06
3865,82.06
3866,82.06
3867,82.06
3868,82.06
3869,82.06
3870,82.06
3871,82.06
3872,82.06
3873,82.06
3874,82.06
3875,82.06
3876,82.06
3877,82.06
3878,82.06
3879,82.06
3880,82.06
3881,82.06
3882,82.06
3883,82.06
3884,82.06
3885,82.06
3886,82.06
3887,82.06
3888,82.06
3889,82.06
3890,82.06
3891,82.06
3892,82.06
3893,82.06
3894,82.06
3895,82.06
3896,82.06
3897,82.06
3898,82.06
3899,82.06
3900,82.06
3901,82.06
3902,82.06
3903,82.06
3904,82.06
3905,82.06
3906,82.06
3907,82.06
3908,82.06
3909,82.06
3910,82.06
3911,82.06
3912,82.06
3913,82.06
3914,82.06
3915,82.06
3916,82.06
3917,82.06
3918,82.06
3919,82.06
3920,82.06
3921,82.06
3922,82.06
3923,82.06
3924,82.06
3925,82.06
3926,82.06
3927,82.06
3928,82.06
3929,82.06
3930,82.06
3931,82.06
3932,82.06
3933,82.06
3934,82.06
3935,82.06
3936,82.06
3937,82.06
3938,82.06
3939,82.06
3940,82.06
3941,82.06
3942,82.06
3943,82.06
3944,82.06
3945,82.06
3946,82.06
3947,82.06
3948,82.06
3949,82.06
3950,82.06
3951,82.06
3952,82.06
3953,82.06
3954,82.06
3955,82.06
3956,82.06
3957,82.06
3958,82.06
3959,82.06
3960,82.06
3961,82.06
3962,82.06
3963,82.06
3964,82.06
3965,82.06
3966,82.06
3967,82.06
3968,82.06
3969,82.06
3970,82.06
3971,82.06
3972,82.06
3973,82.06
3974,82.06
3975,82.06
3976,82.06
3977,82.06
3978,82.06
3979,82.06
3980,82.06
3981,82.06
3982,82.06
3983,82.06
3984,82.06
3985,82.06
3986,82.06
3987,82.06
3988,82.06
3989,82.06
3990,82.06
3991,82.06
3992,82.06
3993,82.06
3994,82.06
3995,88.431
3996,88.431
3997,88.431
3998,88.431
3999,88.431
4000,88.431
4001,88.431
4002,88.431
4003,88.431
4004,88.431
4005,88.431
4006,88.431
4007,88.431
4008,88.431
4009,88.431
4010,88.431
4011,88.431
4012,88.431
4013,88.431
4014,88.431
4015,88.431
4016,88.431
4017,88.431
4018,88.431
4019,88.431
4020,88.431
4021,88.431
4022,88.431
4023,88.431
4024,88.431
4025,88.431
4026,88.431
4027,88.431
4028,88.431
4029,88.431
4030,88.431
4031,88.431
4032,88.431
4033,88.431
4034,88.431
4035,88.431
4036,88.431
4037,88.431
4038,88.431
4039,88.431
4040,88.431
4041,88.431
4042,88.431
4043,88.431
4044,88.431
4045,88.431
4046,88.431
4047,88.431
4048,88.431
4049,88.431
4050,88.431
4051,88.431
4052,88.431
4053,88.431
4054,88.431
4055,88.431
4056,88.431
4057,88.431
4058,88.431
4059,88.431
4060,88.431
4061,88.431
4062,88.431
4063,88.431
4064,88.431
4065,88.431
4066,88.431
4067,88.431
4068,88.431
4069,88.431
4070,88.431
4071,88.431
4072,88.431
4073,88.431
4074,88.431
4075,88.431
4076,88.431
4077,88.431
4078,88.431
4079,88.431
4080,88.431
4081,88.431
4082,88.431
4083,88.431
4084,88.431
4085,88.431
4086,88.431
4087,88.431
4088,88.431
4089,88.431
4090,88.431
4091,88.431
4092,88.431
4093,88.431
4094,88.431
4095,88.431
4096,88.431
4097,88.431
4098,88.431
4099,88.431
4100,88.431
4101,88.431
4102,88.431
4103,88.431
4104,88.431
4105,88.431
4106,88.431
4107,88.431
4108,88.431
4109,88.431
4110,88.431
4111,88.431
4112,88.431
4113,88.431
4114,88.431
4115,88.431
4116,88.431
4117,88.431
4118,88.431
4119,88.431
4120,88.431
4121,88.431
4122,88.431
4123,88.431
4124,88.431
4125,88.431
4126,88.431
4127,88.431
4128,88.431
4129,88.431
4130,88.431
4131,88.431
4132,88.431
4133,88.431
4134,88.431
4135,88.431
4136,88.431
4137,88.431
4138,88.431
4139,88.431
4140,88.431
4141,88.431
4142,88.431
4143,88.431
4144,88.431
4145,88.431
4146,88.431
4147,88.431
4148,88.431
4149,88.431
4150,88.431
4151,88.431
4152,88.431
4153,88.431
4154,88.431
4155,88.431
4156,88.431
4157,88.431
4158,88.431
4159,88.431
4160,88.431
4161,88.431
4162,88.431
4163,88.431
4164,88.431
4165,88.431
4166,88.431
4167,88.431
4168,88.431
4169,88.431
4170,88.431
4171,88.431
4172,88.431
4173,88.431
4174,88.431
4175,88.431
4176,88.431
4177,88.431
4178,88.431
4179,88.431
4180,88.431
4181,88.431
4182,88.431
4183,88.431
4184,88.431
4185,88.431
4186,88.431
4187,88.431
4188,88.431
4189,88.431
4190,88.431
4191,88.431
4192,88.431
4193,88.431
4194,88.431
4195,88.431
4196,88.431
4197,88.431
4198,88.431
4199,88.431
4200,88.431
4201,88.431
4202,88.431
4203,88.431
4204,88.431
4205,88.431
4206,88.431
4207,88.431
4208,88.431
4209,88.431
4210,88.431
4211,88.431
4212,88.431
4213,88.431
4214,88.431
4215,88.431
4216,88.431
4217,88.431
4218,88.431
4219,88.431
4220,88.431
4221,88.431
4222,88.431
4223,88.431
4224,88.431
4225,88.431
4226,88.431
4227,88.431
4228,88.431
4229,88.431
4230,88.431
4231,88.431
4232,88.431
4233,88.431
4234,88.431
4235,88.431
4236,88.431
4237,88.431
4238,88.431
4239,88.431
4240,88.431
4241,88.431
4242,88.431
4243,88.431
4244,88.431
4245,88.431
4246,88.431
4247,88.431
4248,88.431
4249,88.431
4250,88.431
4251,88.431
4252,88.431
4253,88.431
4254,88.431
4255,88.431
4256,88.431
4257,88.431
4258,88.431
4259,88.431
4260,88.431
4261,88.431
4262,88.431
4263,88.431
4264,88.431
4265,88.431
4266,88.431
4267,88.431
4268,88.431
4269,88.431
4270,88.431
4271,88.431
4272,88.431
4273,88.431
4274,88.431
4275,88.431
4276,88.431
4277,88.431
4278,88.431
4279,88.431
4280,88.431
4281,88.431
4282,88.431
4283,88.431
4284,88.431
4285,88.431
4286,88.431
4287,88.431
4288,88.431
4289,88.431
4290,88.431
4291,88.431
4292,88.431
4293,88.431
4294,88.431
4297,88.431
4297,88.431
4297,88.431
4298,88.431
4301,84.743
4301,84.743
4301,84.743
4302,84.743
4303,84.743
4304,84.743
4305,84.743
4306,84.743
4307,84.743
4308,84.743
4309,84.743
4310,84.743
4311,84.743
4312,84.743
4313,84.743
4314,84.743
4315,84.743
4316,84.743
4317,84.743
4318,84.743
4319,84.743
4320,84.743
4321,84.743
4322,84.743
4323,84.743
4324,84.743
4325,84.743
4326,84.743
4327,84.743
4328,84.743
4329,84.743
4330,84.743
4331,84.743
4332,84.743
4333,84.743
4334,84.743
4335,84.743
4336,84.743
4337,84.743
4338,84.743
4339,84.743
4340,84.743
4341,84.743
4342,84.743
4343,84.743
4344,84.743
4345,84.743
4346,84.743
4347,84.743
4348,84.743
4349,84.743
4350,84.743
4351,84.743
4352,84.743
4353,84.743
4354,84.743
4355,84.743
4356,84.743
4357,84.743
4358,84.743
4359,84.743
4360,84.743
4361,84.743
4362,84.743
4363,84.743
4364,84.743
4365,84.743
4366,84.743
4367,84.743
4368,84.743
4369,84.743
4370,84.743
4371,84.743
4372,84.743
4373,84.743
4374,84.743
4375,84.743
4376,84.743
4377,84.743
4378,84.743
4379,84.743
4380,84.743
4381,84.743
4382,84.743
4383,84.743
4384,84.743
4385,84.743
4386,84.743
4387,84.743
4388,84.743
4389,84.743
4390,84.743
4391,84.743
4392,84.743
4393,84.743
4394,84.743
4395,84.743
4396,84.743
4397,84.743
4398,84.743
4399,84.743
4400,84.743
4401,84.743
4402,84.743
4403,87.553
4404,87.553
4405,87.553
4406,87.553
4407,87.553
4408,87.553
4409,87.553
4410,87.553
4411,87.553
4412,87.553
4413,87.553
4414,87.553
4415,87.553
4416,87.553
4417,87.553
4418,87.553
4419,87.553
4420,87.553
4421,87.553
4422,87.553
4423,87.553
4424,87.553
4425,87.553
4426,87.553
4427,87.553
4428,87.553
4429,87.553
4430,87.553
4431,87.553
4432,87.553
4433,87.553
4434,87.553
4435,87.553
4436,87.553
4437,87.553
4438,87.553
4439,87.553
4440,87.553
4441,87.553
4442,87.553
4443,87.553
4444,87.553
4445,87.553
4446,87.553
4447,87.553
4448,87.553
4449,87.553
4450,87.553
4451,87.553
4452,87.553
4453,87.553
4454,87.553
4455,87.553
4456,87.553
4457,87.553
4458,87.553
4459,87.553
4460,87.553
4461,87.553
4462,87.553
4463,87.553
4464,87.553
4465,87.553
4466,87.553
4467,87.553
4468,87.553
4469,87.553
4470,87.553
4471,87.553
4472,87.553
4473,87.553
4474,87.553
4475,87.553
4476,87.553
4477,87.553
4478,87.553
4479,87.553
4480,87.553
4481,87.553
4482,87.553
4483,87.553
4484,87.553
4485,87.553
4486,87.553
4487,87.553
4488,87.553
4489,87.553
4490,87.553
4491,87.553
4492,87.553
4493,87.553
4494,87.553
4495,87.553
4496,87.553
4497,87.553
4498,87.553
4499,87.553
4500,87.553
4501,87.553
4502,87.553
4503,87.553
4504,89.727
4505,89.727
4506,89.727
4507,89.727
4508,89.727
4509,89.727
4510,89.727
4511,89.727
4512,89.727
4513,89.727
4514,89.727
4515,89.727
4516,89.727
4517,89.727
4518,89.727
4519,89.727
4520,89.727
4521,89.727
4522,89.727
4523,89.727
4524,89.727
4525,89.727
4526,89.727
4527,89.727
4528,89.727
4529,89.727
4530,89.727
4531,89.727
4532,89.727
4533,89.727
4534,89.727
4535,89.727
4536,89.727
4537,89.727
4538,89.727
4539,89.727
4540,89.727
4541,89.727
4542,89.727
4543,89.727
4544,89.727
4545,89.727
4546,89.727
4547,89.727
4548,89.727
4549,89.727
4550,89.727
4551,89.727
4552,89.727
4553,89.727
4554,89.727
4555,89.727
4556,89.727
4557,89.727
4558,89.727
4559,89.727
4560,89.727
4561,89.727
4562,89.727
4563,89.727
4564,89.727
4565,89.727
4566,89.727
4567,89.727
4568,89.727
4569,89.727
4570,89.727
4571,89.727
4572,89.727
4573,89.727
4574,89.727
4575,89.727
4576,89.727
4577,89.727
4578,89.727
4579,89.727
4580,89.727
4581,89.727
4582,89.727
4583,89.727
4584,89.727
4585,89.727
4586,89.727
4587,89.727
4588,89.727
4589,89.727
4590,89.727
4591,89.727
4592,89.727
4593,89.727
4594,89.727
4595,89.727
4596,89.727
4597,89.727
4598,89.727
4599,89.727
4600,89.727
4601,89.727
4602,89.727
4603,89.727
4604,82.853
4605,82.853
4606,82.853
4607,82.853
4608,82.853
4609,82.853
4610,82.853
4611,82.853
4612,82.853
4613,82.853
4614,82.853
4615,82.853
4616,82.853
4617,82.853
4618,82.853
4619,82.853
4620,82.853
4621,82.853
4622,82.853
4623,82.853
4624,82.853
4625,82.853
4626,82.853
4627,82.853
4628,82.853
4629,82.853
4630,82.853
4631,82.853
4632,82.853
4633,82.853
4634,82.853
4635,82.853
4636,82.853
4637,82.853
4638,82.853
4639,82.853
4640,82.853
4641,82.853
4642,82.853
4643,82.853
4644,82.853
4645,82.853
4646,82.853
4647,82.853
4648,82.853
4649,82.853
4650,82.853
4651,82.853
4652,82.853
4653,82.853
4654,82.853
4655,82.853
4656,82.853
4657,82.853
4658,82.853
4659,82.853
4660,82.853
4661,82.853
4662,82.853
4663,82.853
4664,82.853
4665,82.853
4666,82.853
4667,82.853
4668,82.853
4669,82.853
4670,82.853
4671,82.853
4672,82.853
4673,82.853
4674,82.853
4675,82.853
4676,82.853
4677,82.853
4678,82.853
4679,82.853
4680,82.853
4681,82.853
4682,82.853
4683,82.853
4684,82.853
4685,82.853
4686,82.853
4687,82.853
4688,82.853
4689,82.853
4690,82.853
4691,82.853
4692,82.853
4693,82.853
4694,82.853
4695,82.853
4696,82.853
4697,82.853
4698,82.853
4699,82.853
4700,82.853
4701,82.853
4702,82.853
4703,82.853
4704,82.387
4705,82.387
4706,82.387
4707,82.387
4708,82.387
4709,82.387
4710,82.387
4711,82.387
4712,82.387
4713,82.387
4714,82.387
4715,82.387
4716,82.387
4717,82.387
4718,82.387
4719,82.387
4720,82.387
4721,82.387
4722,82.387
4723,82.387
4724,82.387
4725,82.387
4726,82.387
4727,82.387
4728,82.387
4729,82.387
4730,82.387
4731,82.387
4732,82.387
4733,82.387
4734,82.387
4735,82.387
4736,82.387
4737,82.387
4738,82.387
4739,82.387
4740,82.387
4741,82.387
4742,82.387
4743,82.387
4744,82.387
4745,82.387
4746,82.387
4747,82.387
4748,82.387
4749,82.387
4750,82.387
4751,82.387
4752,82.387
4753,82.387
4754,82.387
4755,82.387
4756,82.387
4757,82.387
4758,82.387
4759,82.387
4760,82.387
4761,82.387
4762,82.387
4763,82.387
4764,82.387
4765,82.387
4766,82.387
4767,82.387
4768,82.387
4769,82.387
4770,82.387
4771,82.387
4772,82.387
4773,82.387
4774,82.387
4775,82.387
4776,82.387
4777,82.387
4778,82.387
4779,82.387
4780,82.387
4781,82.387
4782,82.387
4783,82.387
4784,82.387
4785,82.387
4786,82.387
4787,82.387
4788,82.387
4789,82.387
4790,82.387
4791,82.387
4792,82.387
4793,82.387
4794,82.387
4795,82.387
4796,82.387
4797,82.387
4798,82.387
4799,82.387
4800,82.387
4801,82.387
4802,82.387
4803,82.387
4804,82.387
4805,97.06
4806,97.06
4807,97.06
4808,97.06
4809,97.06
4810,97.06
4811,97.06
4812,97.06
4813,97.06
4814,97.06
4815,97.06
4816,97.06
4817,97.06
4818,97.06
4819,97.06
4820,97.06
4821,97.06
4822,97.06
4823,97.06
4824,97.06
4825,97.06
4826,97.06
4827,97.06
4828,97.06
4829,97.06
4830,97.06
4831,97.06
4832,97.06
4833,97.06
4834,97.06
4835,97.06
4836,97.06
4837,97.06
4838,97.06
4839,97.06
4840,97.06
4841,97.06
4842,97.06
4843,97.06
4844,97.06
4845,97.06
4846,97.06
4847,97.06
4848,97.06
4849,97.06
4850,97.06
4851,97.06
4852,97.06
4853,97.06
4854,97.06
4855,97.06
4856,97.06
4857,97.06
4858,97.06
4859,97.06
4860,97.06
4861,97.06
4862,97.06
4863,97.06
4864,97.06
4865,97.06
4866,97.06
4867,97.06
4868,97.06
4869,97.06
4870,97.06
4871,97.06
4872,97.06
4873,97.06
4874,97.06
4875,97.06
4876,97.06
4877,97.06
4878,97.06
4879,97.06
4880,97.06
4881,97.06
4882,97.06
4883,97.06
4884,97.06
4885,97.06
4886,97.06
4887,97.06
4888,97.06
4889,97.06
4890,97.06
4891,97.06
4892,97.06
4893,97.06
4894,97.06
4895,97.06
4896,97.06
4897,97.06
4898,97.06
4899,97.06
4900,97.06
4901,97.06
4902,97.06
4903,97.06
4904,97.06
4905,84.416
4907,84.416
4907,84.416
4908,84.416
4909,84.416
4910,84.416
4911,84.416
4912,84.416
4913,84.416
4914,84.416
4915,84.416
4916,84.416
4917,84.416
4918,84.416
4919,84.416
4920,84.416
4921,84.416
4922,84.416
4923,84.416
4924,84.416
4925,84.416
4926,84.416
4927,84.416
4928,84.416
4929,84.416
4930,84.416
4931,84.416
4932,84.416
4933,84.416
4934,84.416
4935,84.416
4936,84.416
4937,84.416
4938,84.416
4939,84.416
4940,84.416
4941,84.416
4942,84.416
4943,84.416
4944,84.416
4945,84.416
4946,84.416
4947,84.416
4948,84.416
4949,84.416
4950,84.416
4951,84.416
4952,84.416
4953,84.416
4954,84.416
4955,84.416
4956,84.416
4957,84.416
4958,84.416
4959,84.416
4960,84.416
4961,84.416
4962,84.416
4963,84.416
4964,84.416
4965,84.416
4966,84.416
4967,84.416
4968,84.416
4969,84.416
4970,84.416
4971,84.416
4972,84.416
4973,84.416
4974,84.416
4975,84.416
4976,84.416
4977,84.416
4978,84.416
4979,84.416
4980,84.416
4981,84.416
4982,84.416
4983,84.416
4984,84.416
4985,84.416
4986,84.416
4987,84.416
4988,84.416
4989,84.416
4990,84.416
4991,84.416
4992,84.416
4993,84.416
4994,84.416
4995,84.416
4996,84.416
4997,84.416
4998,84.416
4999,84.416
5000,84.416
5001,84.416
5002,84.416
5003,84.416
5004,82.145
5005,82.145
5006,82.145
5007,82.145
5008,82.145
5009,82.145
5010,82.145
5011,82.145
5012,82.145
5013,82.145
5014,82.145
5015,82.145
5016,82.145
5017,82.145
5018,82.145
5019,82.145
5020,82.145
5021,82.145
5022,82.145
5023,82.145
5024,82.145
5025,82.145
5026,82.145
5027,82.145
5028,82.145
5029,82.145
5030,82.145
5031,82.145
5032,82.145
5033,82.145
5034,82.145
5035,82.145
5036,82.145
5037,82.145
5038,82.145
5039,82.145
5040,82.145
5041,82.145
5042,82.145
5043,82.145
5044,82.145
5045,82.145
5046,82.145
5047,82.145
5048,82.145
5049,82.145
5050,82.145
5051,82.145
5052,82.145
5053,82.145
5054,82.145
5055,82.145
5056,82.145
5057,82.145
5058,82.145
5059,82.145
5060,82.145
5061,82.145
5062,82.145
5063,82.145
5064,82.145
5065,82.145
5066,82.145
5067,82.145
5068,82.145
5069,82.145
5070,82.145
5071,82.145
5072,82.145
5073,82.145
5074,82.145
5075,82.145
5076,82.145
5077,82.145
5078,82.145
5079,82.145
5080,82.145
5081,82.145
5082,82.145
5083,82.145
5084,82.145
5085,82.145
5086,82.145
5087,82.145
5088,82.145
5089,82.145
5090,82.145
5091,82.145
5092,82.145
5093,82.145
5094,82.145
5095,82.145
5096,82.145
5097,82.145
5098,82.145
5099,82.145
5100,82.145
5101,82.145
5102,82.145
5103,82.145
5104,82.06
5105,82.06
5106,82.06
5107,82.06
5108,82.06
5109,82.06
5110,82.06
5111,82.06
5112,82.06
5113,82.06
5114,82.06
5115,82.06
5116,82.06
5117,82.06
5118,82.06
5119,82.06
5120,82.06
5121,82.06
5122,82.06
5123,82.06
5124,82.06
5125,82.06
5126,82.06
5127,82.06
5128,82.06
5129,82.06
5130,82.06
5131,82.06
5132,82.06
5133,82.06
5134,82.06
5135,82.06
5136,82.06
5137,82.06
5138,82.06
5139,82.06
5140,82.06
5141,82.06
5142,82.06
5143,82.06
5144,82.06
5145,82.06
5146,82.06
5147,82.06
5148,82.06
5149,82.06
5150,82.06
5151,82.06
5152,82.06
5153,82.06
5154,82.06
5155,82.06
5156,82.06
5157,82.06
5158,82.06
5159,82.06
5160,82.06
5161,82.06
5162,82.06
5163,82.06
5164,82.06
5165,82.06
5166,82.06
5167,82.06
5168,82.06
5169,82.06
5170,82.06
5171,82.06
5172,82.06
5173,82.06
5174,82.06
5175,82.06
5176,82.06
5177,82.06
5178,82.06
5179,82.06
5180,82.06
5181,82.06
5182,82.06
5183,82.06
5184,82.06
5185,82.06
5186,82.06
5187,82.06
5188,82.06
5189,82.06
5190,82.06
5191,82.06
5192,82.06
5193,82.06
5194,82.06
5195,82.06
5196,82.06
5197,82.06
5198,82.06
5199,82.06
5200,82.06
5201,82.06
5202,82.06
5203,82.06
5204,82.145
5205,82.145
5206,82.145
5207,82.145
5208,82.145
5209,82.145
5210,82.145
5211,82.145
5212,82.145
5213,82.145
5214,82.145
5215,82.145
5216,82.145
5217,82.145
5218,82.145
5219,82.145
5220,82.145
5221,82.145
5222,82.145
5223,82.145
5224,82.145
5225,82.145
5226,82.145
5227,82.145
5228,82.145
5229,82.145
5230,82.145
5231,82.145
5232,82.145
5233,82.145
5234,82.145
5235,82.145
5236,82.145
5237,82.145
5238,82.145
5239,82.145
5240,82.145
5241,82.145
5242,82.145
5243,82.145
5244,82.145
5245,82.145
5246,82.145
5247,82.145
5248,82.145
5249,82.145
5250,82.145
5251,82.145
5252,82.145
5253,82.145
5254,82.145
5255,82.145
5256,82.145
5257,82.145
5258,82.145
5259,82.145
5260,82.145
5261,82.145
5262,82.145
5263,82.145
5264,82.145
5265,82.145
5266,82.145
5267,82.145
5268,82.145
5269,82.145
5270,82.145
5271,82.145
5272,82.145
5273,82.145
5274,82.145
5275,82.145
5276,82.145
5277,82.145
5278,82.145
5279,82.145
5280,82.145
5281,82.145
5282,82.145
5283,82.145
5284,82.145
5285,82.145
5286,82.145
5287,82.145
5288,82.145
5289,82.145
5290,82.145
5291,82.145
5292,82.145
5293,82.145
5294,82.145
5295,82.145
5296,82.145
5297,82.145
5298,82.145
5299,82.145
5300,82.145
5301,82.145
5302,82.145
5303,82.145
5304,82.145
5305,81.976
5306,81.976
5307,81.976
5308,81.976
5309,81.976
5310,81.976
5311,81.976
5312,81.976
5313,81.976
5314,81.976
5315,81.976
5316,81.976
5317,81.976
5318,81.976
5319,81.976
5320,81.976
5321,81.976
5322,81.976
5323,81.976
5324,81.976
5325,81.976
5326,81.976
5327,81.976
5328,81.976
5329,81.976
5330,81.976
5331,81.976
5332,81.976
5333,81.976
5334,81.976
5335,81.976
5336,81.976
5337,81.976
5338,81.976
5339,81.976
5340,81.976
5341,81.976
5342,81.976
5343,81.976
5344,81.976
5345,81.976
5346,81.976
5347,81.976
5348,81.976
5349,81.976
5350,81.976
5351,81.976
5352,81.976
5353,81.976
5354,81.976
5355,81.976
5356,81.976
5357,81.976
5358,81.976
5359,81.976
5360,81.976
5361,81.976
5362,81.976
5363,81.976
5364,81.976
5365,88.431
5366,88.431
5367,88.431
5368,88.431
5369,88.431
5370,88.431
5371,88.431
5372,88.431
5373,88.431
5374,88.431
5375,88.431
5376,88.431
5377,88.431
5378,88.431
5379,88.431
5380,88.431
5381,88.431
5382,88.431
5383,88.431
5384,88.431
5385,88.431
5386,88.431
5387,88.431
5388,88.431
5389,88.431
5390,88.431
5391,88.431
5392,88.431
5393,88.431
5394,88.431
5395,88.431
5396,88.431
5397,88.431
5398,88.431
5399,88.431
5400,88.431
5401,88.431
5402,88.431
5403,88.431
5404,88.431
5405,88.431
5406,88.431
5407,88.431
5408,88.431
5409,88.431
5410,88.431
5411,88.431
5412,88.431
5413,88.431
5414,88.431
5415,88.431
5416,88.431
5417,88.431
5418,88.431
5419,88.431
5420,88.431
5421,88.431
5422,88.431
5423,88.431
5424,88.431
5425,88.431
5426,88.431
5427,88.431
5428,88.431
5429,88.431
5430,88.431
5431,88.431
5432,88.431
5433,88.431
5434,88.431
5435,88.431
5436,88.431
5437,88.431
5438,88.431
5439,88.431
5440,88.431
5441,88.431
5442,88.431
5443,88.431
5444,88.431
5445,88.431
5446,88.431
5447,88.431
5448,88.431
5449,88.431
5450,88.431
5451,88.431
5452,88.431
5453,88.431
5454,88.431
5455,88.431
5456,88.431
5457,88.431
5458,88.431
5459,88.431
5460,88.431
5461,88.431
5462,88.431
5463,88.431
5464,88.431
5465,88.431
5466,88.431
5467,88.431
5468,88.431
5469,88.431
5470,88.431
5471,88.431
5472,88.431
5473,88.431
5474,88.431
5475,88.431
5476,88.431
5477,88.431
5478,88.431
5479,88.431
5480,88.431
5481,88.431
5482,88.431
5483,88.431
5484,88.431
5485,88.431
5486,88.431
5487,88.431
5488,88.431
5489,88.431
5490,88.431
5491,88.431
5492,88.431
5493,88.431
5494,88.431
5495,88.431
5496,88.431
5497,88.431
5498,88.431
5499,88.431
5500,88.431
5501,88.431
5502,88.431
5503,88.431
5504,88.431
5505,88.431
5506,88.431
5507,88.431
5508,88.431
5509,88.431
5510,88.431
5511,88.431
5512,88.431
5513,88.431
5514,88.431
5515,88.431
5516,88.431
5517,88.431
5518,88.431
5519,88.431
5520,88.431
5521,88.431
5522,88.431
5523,88.431
5524,88.431
5525,88.431
5526,88.431
5527,88.431
5528,88.431
5529,88.431
5530,88.431
5531,88.431
5532,88.431
5533,88.431
5534,88.431
5535,88.431
5536,88.431
5537,88.431
5538,88.431
5539,88.431
5540,88.431
5541,88.431
5542,88.431
5543,88.431
5544,88.431
5545,88.431
5546,88.431
5547,88.431
5548,88.431
5549,88.431
5550,88.431
5551,88.431
5552,88.431
5553,88.431
5554,88.431
5555,88.431
5556,88.431
5557,88.431
5558,88.431
5559,88.431
5560,88.431
5561,88.431
5562,88.431
5563,88.431
5564,88.431
5565,88.431
5566,88.431
5567,88.431
5568,88.431
5569,88.431
5570,88.431
5571,88.431
5572,88.431
5573,88.431
5574,88.431
5575,88.431
5576,88.431
5577,88.431
5578,88.431
5579,88.431
5580,88.431
5581,88.431
5582,88.431
5583,88.431
5584,88.431
5585,88.431
5586,88.431
5587,88.431
5588,88.431
5589,88.431
5590,88.431
5591,88.431
5592,88.431
5593,88.431
5594,88.431
5595,88.431
5596,88.431
5597,88.431
5598,88.431
5599,88.431
5600,88.431
5601,88.431
5602,88.431
5603,88.431
5604,88.431
5605,88.431
5606,88.431
5607,88.431
5608,88.431
5609,88.431
5610,88.431
5611,88.431
5612,88.431
5613,88.431
5614,88.431
5615,88.431
5616,88.431
5617,88.431
5618,88.431
5619,88.431
5620,88.431
5621,88.431
5622,88.431
5623,88.431
5624,88.431
5625,88.431
5626,88.431
5627,88.431
5628,88.431
5629,88.431
5630,88.431
5631,88.431
5632,88.431
5633,88.431
5634,88.431
5635,88.431
5636,88.431
5637,88.431
5638,88.431
5639,88.431
5640,88.431
5641,88.431
5642,88.431
5643,88.431
5644,88.431
5645,88.431
5646,88.431
5647,88.431
5648,88.431
5649,88.431
5650,88.431
5651,88.431
5652,88.431
5653,88.431
5654,88.431
5655,88.431
5656,88.431
5657,88.431
5658,88.431
5659,88.431
5660,88.431
5661,88.431
5662,88.431
5663,88.431
5664,91.477
5665,91.477
5666,91.477
5667,91.477
5668,91.477
5669,91.477
5670,91.477
5671,91.477
5672,91.477
5673,91.477
5674,91.477
5675,91.477
5676,91.477
5677,91.477
5678,91.477
5679,91.477
5680,91.477
5681,91.477
5682,91.477
5683,91.477
5684,91.477
5685,91.477
5686,91.477
5687,91.477
5688,91.477
5689,91.477
5690,91.477
5691,91.477
5692,91.477
5693,91.477
5694,91.477
5695,91.477
5696,91.477
5697,91.477
5698,91.477
5699,91.477
5700,91.477
5701,91.477
5702,91.477
5703,91.477
5704,91.477
5705,91.477
5706,91.477
5707,91.477
5708,91.477
5709,91.477
5710,91.477
5711,91.477
5712,91.477
5713,91.477
5714,91.477
5715,91.477
5716,91.477
5717,91.477
5718,91.477
5719,91.477
5720,91.477
5721,91.477
5722,91.477
5723,91.477
5724,91.477
5725,91.477
5726,91.477
5727,91.477
5728,91.477
5729,91.477
5730,91.477
5731,91.477
5732,91.477
5733,91.477
5734,91.477
5735,91.477
5736,91.477
5737,91.477
5738,91.477
5739,91.477
5740,91.477
5741,91.477
5742,91.477
5743,91.477
5744,91.477
5745,91.477
5746,91.477
5747,91.477
5748,91.477
5749,91.477
5750,91.477
5751,91.477
5752,91.477
5753,91.477
5754,91.477
5755,91.477
5756,91.477
5757,91.477
5758,91.477
5759,91.477
5760,91.477
5761,91.477
5762,91.477
5763,91.477
5764,85.622
5765,85.622
5766,85.622
5767,85.622
5768,85.622
5769,85.622
5770,85.622
5771,85.622
5772,85.622
5773,85.622
5774,85.622
5775,85.622
5776,85.622
5777,85.622
5778,85.622
5779,85.622
5780,85.622
5781,85.622
5782,85.622
5783,85.622
5784,85.622
5785,85.622
5786,85.622
5787,85.622
5788,85.622
5789,85.622
5790,85.622
5791,85.622
5792,85.622
5793,85.622
5794,85.622
5795,85.622
5796,85.622
5797,85.622
5798,85.622
5799,85.622
5800,85.622
5801,85.622
5802,85.622
5803,85.622
5804,85.622
5805,85.622
5806,85.622
5807,85.622
5808,85.622
5809,85.622
5810,85.622
5811,85.622
5812,85.622
5813,85.622
5814,85.622
5815,85.622
5816,85.622
5817,85.622
5818,85.622
5819,85.622
5820,85.622
5821,85.622
5822,85.622
5823,85.622
5824,85.622
5825,85.622
5826,85.622
5827,85.622
5828,85.622
5829,85.622
5830,85.622
5831,85.622
5832,85.622
5833,85.622
5834,85.622
5835,85.622
5836,85.622
5837,85.622
5838,85.622
5839,85.622
5840,85.622
5841,85.622
5842,85.622
5843,85.622
5844,85.622
5845,85.622
5846,85.622
5847,85.622
5848,85.622
5849,85.622
5850,85.622
5851,85.622
5852,85.622
5853,85.622
5854,85.622
5855,85.622
5856,85.622
5857,85.622
5858,85.622
5859,85.622
5860,85.622
5861,85.622
5862,85.622
5863,85.622
5864,82.387
5865,82.387
5866,82.387
5867,82.387
5868,82.387
5869,82.387
5870,82.387
5871,82.387
5872,82.387
5873,82.387
5874,82.387
5875,82.387
5876,82.387
5877,82.387
5878,82.387
5879,82.387
5880,82.387
5881,82.387
5882,82.387
5883,82.387
5884,82.387
5885,82.387
5886,82.387
5887,82.387
5888,82.387
5889,82.387
5890,82.387
5891,82.387
5892,82.387
5893,82.387
5894,82.387
5895,82.387
5896,82.387
5897,82.387
5898,82.387
5899,82.387
5900,82.387
5901,82.387
5902,82.387
5903,82.387
5904,82.387
5905,82.387
5906,82.387
5907,82.387
5908,82.387
5909,82.387
5910,82.387
5911,82.387
5912,82.387
5913,82.387
5914,82.387
5915,82.387
5916,82.387
5917,82.387
5918,82.387
5919,82.387
5920,82.387
5921,82.387
5922,82.387
5923,82.387
5924,82.387
5925,82.387
5926,82.387
5927,82.387
5928,82.387
5929,82.387
5930,82.387
5931,82.387
5932,82.387
5933,82.387
5934,82.387
5935,82.387
5936,82.387
5937,82.387
5938,82.387
5939,82.387
5940,82.387
5941,82.387
5942,82.387
5943,82.387
5944,82.387
5945,82.387
5946,82.387
5947,82.387
5948,82.387
5949,82.387
5950,82.387
5951,82.387
5952,82.387
5953,82.387
5954,82.387
5955,82.387
5956,82.387
5957,82.387
5958,82.387
5959,82.387
5960,82.387
5961,82.387
5962,82.387
5963,82.387
5964,82.302
5965,82.302
5966,82.302
5967,82.302
5968,82.302
5969,82.302
5970,82.302
5971,82.302
5972,82.302
5973,82.302
5974,82.302
5975,82.302
